Unnamed: 0,candidate,count,image_file,image_url,news_source,news_source_url,present,image_hash
0,donald_trump,0,0_donald_trump.jpg,http://a57.foxnews.com/media2.foxnews.com/BrightCove/694940094001/2016/09/27/0/0/694940094001_5142667243001_092716-ff-donaldtrump-1280.jpg?ve\u003d1,Fox New,http://www.foxnews.com/entertainment/2016/09/27/donald-trump-miss-universe-alicia-machado-was-absolute-worst.html,1,4c8686864e4c4c0d
1,donald_trump,1,1_donald_trump.jpg,https://upload.wikimedia.org/wikipedia/commons/d/d2/Donald_Trump_August_19%2C_2015_(cropped).jpg,Wikipedia,https://en.wikipedia.org/wiki/Donald_Trump_and_Billy_Bush_recording,1,1c8e9e948cacad4d
2,donald_trump,2,2_donald_trump.jpg,http://static2.businessinsider.com/image/5801737cc524021d008b4901-480/donald-trump.jpg,Business Insider,http://www.businessinsider.com/donald-trump-victim-political-smear-campaign-us-history-2016-10,1,3d5d1a24728b2bae
3,donald_trump,3,3_donald_trump.jpg,https://fortunedotcom.files.wordpress.com/2016/10/donald-trump-drop-out.jpg,Fortune,http://fortune.com/2016/10/08/donald-trump-republicans-drop-out/,1,1b0b490959c9cece
4,donald_trump,4,4_donald_trump.jpg,http://ichef-1.bbci.co.uk/news/660/cpsprodpb/1BD1/production/_91512170_hi035684710-1.jpg,BBC.com,http://www.bbc.com/news/business-37550378,1,8d4d0e8ddd4d0b31
6,donald_trump,6,6_donald_trump.jpg,http://www.thewrap.com/wp-content/uploads/2016/10/DonaldTrump-4.jpg,TheWrap,http://www.thewrap.com/donald-trump-election-day-campaign-conspiracy-theory-polls-phony/,1,1a9b96929a4c1f1e
7,donald_trump,7,7_donald_trump.jpg,http://a.abcnews.com/images/Politics/GTY_donald_trump_jef_161010_12x5_1600.jpg,ABC News - Go.com,http://abcnews.go.com/Politics/women-claim-donald-trump-touched-inappropriately-new-york-times/story?id\u003d42766847,1,0f0f0f0e0d8d0d4c
9,donald_trump,9,9_donald_trump.jpg,http://img.wennermedia.com/social/donald-trump-debate-abortion-roe-wade-abolish-1aec635b-6dcb-42e0-801c-d369538ad5b5.jpg,Rolling Stone,http://www.rollingstone.com/politics/features/donald-trumps-abortion-policies-would-kill-women-w445735,1,4c4c0ee84948ccc8
10,donald_trump,10,10_donald_trump.jpg,http://files.rightwingwatch.org/uploads/donaldtrump.jpg,Right Wing Watch,http://www.rightwingwatch.org/people/donald-trump/,1,59998a2869c9c9c8
11,donald_trump,11,11_donald_trump.jpg,https://www.biography.com/.image/c_fit,Cargo,http://cargocollective.com/mix2/Donald-Trump,1,e0cc0e84ced695bd
12,donald_trump,12,12_donald_trump.jpg,https://fortunedotcom.files.wordpress.com/2016/10/donald-trump-las-vegas-2016-presidential-debate-ap_16294092686677.jpg,Fortune,http://fortune.com/2016/10/21/donald-trump-losing-presidential-election/,1,0f0f4f4f4f4ccc8f
14,donald_trump,14,14_donald_trump.jpg,http://media.breitbart.com/media/2016/10/Donald-Trump-points-at-debate-Associated-Press-640x481.jpg,Breitbar,http://www.breitbart.com/big-government/2016/10/19/donald-trump-wins-third-debate-finally-fair-fight/,1,4e4d4e87474a4a4a
15,donald_trump,15,15_donald_trump.jpg,http://media.salon.com/2016/10/donald_trump290.jpg,Salon,http://www.salon.com/2016/10/07/ahead-of-second-debate-donald-trump-gets-whiny-complaints-of-hillary-clinton-resting-and-trumps-microphone-volume-oscillating-are-growing-louder/,1,6c7471797c643430
16,donald_trump,16,16_donald_trump.jpg,http://esq.h-cdn.co/assets/16/10/1600x900/hd-aspect-1457631858-trump-rally.jpg,Esquire,http://www.esquire.com/news-politics/a37230/donald-trump-esquire-cover-story-august-2004/,1,347d5c7d6d3f3b3b
17,donald_trump,17,17_donald_trump.jpg,http://www.thewrap.com/wp-content/uploads/2016/10/Donald-Trump.png,TheWrap,http://www.thewrap.com/dump-trump-5-stars-who-have-dumped-donald-trump/,1,9098d8d9d84ccd4f
18,donald_trump,18,18_donald_trump.jpg,https://static01.nyt.com/images/2016/10/25/us/25TRUMPTAPES1/25TRUMPTAPES1-superJumbo.jpg,The New York Time,https://www.nytimes.com/2016/10/26/us/politics/donald-trump-interviews.html,1,4d1e1e9e9b9b97cf
19,donald_trump,19,19_donald_trump.jpg,http://www.slate.com/content/dam/slate/articles/news_and_politics/politics/2016/10/161019_POL_Trump-Refusal.jpg.CROP.promo-xlarge2.jpg,Slate,http://www.slate.com/articles/news_and_politics/politics/2016/10/donald_trump_vs_american_democracy.html,1,0f1f4f0f0fcdcccc
20,donald_trump,20,20_donald_trump.jpg,http://pixel.nymag.com/imgs/fashion/daily/2016/10/12/12-donald-trump.w710.h473.jpg,New York Magazine,http://nymag.com/thecut/2016/10/all-the-women-accusing-trump-of-rape-sexual-assault.html,1,0b4f0e8f8f1b590f
21,donald_trump,21,21_donald_trump.jpg,http://www.newyorker.com/wp-content/uploads/2016/10/Davidson-Trump-Clintons-Marriage-1200.jpg,The New Yorker,http://www.newyorker.com/news/amy-davidson/donald-trump-and-the-clintons-marriage,1,c7761bc37316e666
22,donald_trump,22,22_donald_trump.jpg,https://pmcvariety.files.wordpress.com/2016/09/donald-trump-presidential-debate.jpg?w\u003d670\u0026h\u003d377\u0026crop\u003d1,Variety,http://variety.com/2016/biz/news/donald-trump-access-hollywood-1201882204/,1,0b4b0f4b494bcbca
24,donald_trump,24,24_donald_trump.jpg,http://www.thewrap.com/wp-content/uploads/2016/04/Central-Park-5-Donald-Trump.jpg,TheWrap,http://www.thewrap.com/heres-every-vile-comment-donald-trump-made-about-women-to-billy-bush/,1,306c6c4dcc0c1c1c
25,donald_trump,25,25_donald_trump.jpg,http://ichef-1.bbci.co.uk/news/624/cpsprodpb/A675/production/_91631624_2a61385a-0b0f-441f-b70c-09c8d820ae41.jpg,BBC.com,http://www.bbc.com/news/election-us-2016-37594918,1,67e7e5e7c9b8b434
26,donald_trump,26,26_donald_trump.jpg,http://www.slate.com/content/dam/slate/blogs/the_slatest/2016/10/07/donald_trump_brags_about_committing_criminal_sexual_assault/610599530-republican-presidential-nominee-donald-trump-speaks.jpg.CROP.promo-xlarge2.jpg,Slate,http://www.slate.com/blogs/the_slatest/2016/10/07/donald_trump_brags_about_committing_criminal_sexual_assault.html,1,2d8d0f4acbdadcc8
27,donald_trump,27,27_donald_trump.jpg,http://i.ndtvimg.com/i/2016-10/donald-trump-afp_650x400_61476947056.jpg,NDTV.com,http://www.ndtv.com/world-news/grave-concerns-about-donald-trumps-mental-stability-harvard-doctors-1639528,1,63a707077272373e
28,donald_trump,28,28_donald_trump.jpg,http://static4.businessinsider.com/image/580a665bc52402f8058b6280-480/trump.jpg,Business Insider,http://www.businessinsider.com/why-is-donald-trumps-skin-orange-2016-10,1,a5cc4644c4969d9a
30,donald_trump,30,30_donald_trump.jpg,http://media.salon.com/2016/10/donald_trump293-620x412.jpg,Salon,http://www.salon.com/2016/10/07/donald-trumps-town-hall-debate-nightmare-he-cant-relate-to-real-americans-wont-have-temper-for-real-questions/,1,0e0f30105c58d9ca
31,donald_trump,31,31_donald_trump.jpg,https://news-images.vice.com/images/videos/meta/2016/09/27/debate-sniff-1475011141.jpg?crop\u003d1xw:1xh;0xw,VICE New,https://news.vice.com/video/donald-trump-has-the-sniffles,1,0f1b1f270f263e9e
32,donald_trump,32,32_donald_trump.jpg,http://static1.businessinsider.com/image/5798d30288e4a725238bae5c-480/donald-trump.jpg,Business Insider,http://www.businessinsider.com/donald-trump-lamborghini-sale-ebay-2016-9,1,2737230f878e8616
33,donald_trump,33,33_donald_trump.jpg,http://s.newsweek.com/sites/www.newsweek.com/files/styles/embed-lg/public/2016/09/28/donaldtrumpexploratory19991.jpg,Newsweek,http://www.newsweek.com/2016/10/14/donald-trump-cuban-embargo-castro-violated-florida-504059.html,1,9989040c56868b99
39,donald_trump,39,39_donald_trump.jpg,http://media.salon.com/2016/10/campaign-2016-trump-insurance-claim.jpeg1-1280x960.jpg,Salon,http://www.salon.com/2016/10/24/donald-trump-is-backing-off-his-signature-build-the-wall-campaign-promise/,1,0d95b59593b5942c
40,donald_trump,40,40_donald_trump.jpg,http://cdn1.thr.com/sites/default/files/imagecache/768x433/2015/08/splash-trump-a1.jpg,Hollywood Reporter,http://www.hollywoodreporter.com/features/donald-trump-murdoch-ailes-nbc-816131,1,1b5b1b1b4949cdac
41,donald_trump,41,41_donald_trump.jpg,http://www.conservapedia.com/images/thumb/3/30/Donald_Trump_(29273256122)_Phoenix.jpg/250px-Donald_Trump_(29273256122)_Phoenix.jpg,Conservapedia,http://www.conservapedia.com/Donald_Trump,1,1e17070706a69595
42,donald_trump,42,42_donald_trump.jpg,https://upload.wikimedia.org/wikipedia/commons/thumb/e/ee/Donald_Trump_by_Gage_Skidmore.jpg/220px-Donald_Trump_by_Gage_Skidmore.jpg,Wikiquote,https://en.wikiquote.org/wiki/Donald_Trump,1,0e86971f8e979696
43,donald_trump,43,43_donald_trump.jpg,https://www.ncronline.org/sites/default/files/styles/article_slideshow/public/stories/images/20160808T1310-0919-CNS-SISTERS-LETTER-CIVILITY%20(1).jpg?itok\u003dDNNtcPNf,National Catholic Reporter,https://www.ncronline.org/news/politics/trumps-pledge-catholics-ill-be-there-yo,1,00094d4d4d494e0e
45,donald_trump,45,45_donald_trump.jpg,http://static4.businessinsider.com/image/57d0513d09d29323008b668b-480/republican-nominee-donald-trump-speaks-at.jpg,Business Insider,http://www.businessinsider.com/colin-kaepernick-donald-trump-2016-9,1,391b49045918181e
46,donald_trump,46,46_donald_trump.jpg,http://media.vanityfair.com/photos/56cb5d15f22538fb7dd843f4/master/w_768,Vanity Fair,http://www.vanityfair.com/news/2016/10/graydon-carter-on-donald-trump,1,1213194913010182
47,donald_trump,47,47_donald_trump.jpg,http://i2.cdn.cnn.com/cnnnext/dam/assets/161010103343-donald-trump-exlarge-169.jpg,CNN.com,http://www.cnn.com/2016/10/11/politics/donald-trump-paul-ryan-tweets/,1,a6a62626479f4d49
48,donald_trump,48,48_donald_trump.jpg,http://media.breitbart.com/media/2016/10/AP_16296611401503-640x480.jpg,Breitbar,http://www.breitbart.com/2016-presidential-race/2016/10/22/donald-trump-contract-american-voter-100-days-5338007/,1,8c9d9adad31b991c
49,donald_trump,49,49_donald_trump.jpg,https://timedotcom.files.wordpress.com/2016/02/donald-trump-portrait.jpg?w\u003d1100\u0026quality\u003d85,Time,http://time.com/4228885/donald-trump-lizard-brain/,1,1d0d0d0d0d1d1a2b
50,donald_trump,50,50_donald_trump.jpg,http://img.wennermedia.com/article-leads-horizontal/gettyimages-610603372-392c026a-541e-408e-9f4c-f8a793b29b27.jpg,Rolling Stone,http://www.rollingstone.com/politics/features/the-violence-of-donald-trump-w444012,1,0d3d1c9f99938b0b
51,donald_trump,51,51_donald_trump.jpg,http://i2.cdn.turner.com/money/dam/assets/160915155316-trump-economic-club-speech-1024x576.jpg,CNN Money,http://money.cnn.com/2016/09/16/news/economy/donald-trump-nafta-mexico-china-tariff/,1,cf4d0d0f4d9f1b1b
52,donald_trump,52,52_donald_trump.jpg,http://www1.cbn.com/sites/default/files/styles/original/public/donaldtrumpbrody2_si.jpg?itok\u003d1HnFEGFg,CBN.com,http://www1.cbn.com/thebrodyfile/archive/2016/09/09/brody-file-exclusive-donald-trump-says-this-will-be-the-last-election-that-the-republicans-have-a-chance-of-winning,1,0286222366e26666
53,donald_trump,53,53_donald_trump.jpg,https://img.washingtonpost.com/rf/image_606w/2010-2019/WashingtonPost/2016/10/21/National-Politics/Images/616085370.jpg,Washington Po,https://www.washingtonpost.com/politics/what-is-the-long-term-effect-of-donald-trump/2016/10/22/a4cd0f94-8a6d-11e6-875e-2c1bfe943b66_story.html,1,0f170f0f4e4e0b0d
54,donald_trump,54,54_donald_trump.jpg,https://timedotcom.files.wordpress.com/2016/09/donald-trump-01.jpg?w\u003d1100\u0026quality\u003d85,Time,http://time.com/4515307/donald-trump-economic-birther/,1,4d064f8f4ccc8e8a
56,donald_trump,56,56_donald_trump.jpg,https://timedotcom.files.wordpress.com/2016/06/donald-trump-climate-change-global-warming.jpeg?w\u003d1100\u0026quality\u003d85,Time,http://time.com/4362393/donald-trump-supported-addressing-climate-change-before-calling-it-a-hoax/,1,b1b727a7a6366692
57,donald_trump,57,57_donald_trump.jpg,http://images.performgroup.com/di/library/sporting_news/36/51/donald-trump-getty-ftrjpg_165o0qrikr9na1ja89en7x03tn.jpg?t\u003d-1367143641,Sporting New,http://www.sportingnews.com/mlb/news/donald-trump-election-day-sports-tweets-alex-rodriguez-yankees-george-steinbrenner-pete-rose/hhir58ofbf2k1ijhxeybcid7m,1,4d4dcecac94dcccc
58,donald_trump,58,58_donald_trump.jpg,http://www.gannett-cdn.com/-mm-/980ff14afec84c59ecb65839f145623ef1d8b349/c\u003d443-0-2319-1411\u0026r\u003dx404\u0026c\u003d534x401/local/-/media/2016/10/08/USATODAY/USATODAY/636115598991219364-2016-10-08-Donald-Trump.jpg,USA Today,http://www.usatoday.com/story/sports/columnist/erik-brady/2016/10/08/donald-trump-vulgar-comments-women-beyond-locker-room-talk/91810878/,1,cdcdd948cccee939
60,donald_trump,60,60_donald_trump.jpg,https://timedotcom.files.wordpress.com/2016/09/donald-trump-william-coupon.jpg,Time,http://time.com/donald-trump-photographs/,1,06112185e49c8c84
61,donald_trump,61,61_donald_trump.jpg,https://i2.wp.com/newsexaminer.net/wp-content/uploads/2015/05/Donald-Trump.jpg?fit\u003d810%2C506,News Examiner,http://newsexaminer.net/politics/donald-trump-the-least-charitable-billionaire/,1,0d0d0dcd6dcccccc
63,donald_trump,63,63_donald_trump.jpg,http://i2.cdn.turner.com/money/dam/assets/161022154340-trump-rally--media-00010508-1024x576.jpg,CNN Money,http://money.cnn.com/2016/10/22/media/donald-trump-att-time-warner/,1,6e29892d2c6c494d
65,donald_trump,65,65_donald_trump.jpg,http://static3.businessinsider.com/image/56d5e664dd0895fd178b47a4-480/donald-trump.jpg,Business Insider,http://www.businessinsider.com/donald-trump-con-artist-narcissist-2016-10,1,143333332d8ccc49
67,donald_trump,67,67_donald_trump.jpg,https://timedotcom.files.wordpress.com/2016/03/trump16.jpg?w\u003d1100\u0026quality\u003d85,Time,http://time.com/4261816/trump-ancient-greeks/,1,19098c4a488ececc
68,donald_trump,68,68_donald_trump.jpg,http://media.salon.com/2016/10/donald_trump_debate2_7-620x412.jpg,Salon,http://www.salon.com/2016/10/12/beyond-the-pale-white-privilege-thy-name-is-donald-trump/,1,1b9d9d9999d9cb8d
70,donald_trump,70,70_donald_trump.jpg,https://timedotcom.files.wordpress.com/2016/05/donald-trump-donation.jpg?w\u003d1100\u0026quality\u003d85,Time,http://time.com/4347161/donald-trump-donate-veterans/,1,eb494d4d4ede9c9c
71,donald_trump,71,71_donald_trump.jpg,http://media.washtimes.com.s3.amazonaws.com/media/image/2016/09/07/DonaldTrump.jpg,Washington Time,http://www.washingtontimes.com/news/2016/sep/7/donald-trump-wants-bigger-military-bigger-defense-/,1,0f0f8f0f8ddd4d0d
72,donald_trump,72,72_donald_trump.jpg,http://img.wennermedia.com/social/gettyimages-613704994-5cfc047c-40db-4724-89d4-9a0c035830db.jpg,Rolling Stone,http://www.rollingstone.com/politics/features/donald-trump-cannot-be-president-of-the-united-states-w448907,1,67464f650d082828
73,donald_trump,73,73_donald_trump.jpg,http://esq.h-cdn.co/assets/16/42/980x490/landscape-1476982066-trumpbookreport.jpg,Esquire,http://www.esquire.com/entertainment/books/news/a49817/trump-book-report/,1,4d4d4cce8a1f1696
74,donald_trump,74,74_donald_trump.jpg,http://static.images.publisher.attn.com/sites/default/files/trump_polls_site.jpg,Attn,http://www.attn.com/stories/12009/donald-trumps-2013-lawsuit-against-bill-maher-reveals-lot-about-his-campaign,1,0d4e4ebb3268ccce
75,donald_trump,75,75_donald_trump.jpg,https://pixel.nymag.com/imgs/fashion/daily/2016/02/22/22-donald-trump-orange.w710.h473.jpg,New York Magazine,http://nymag.com/thecut/2016/02/self-tanning-tips-for-donald-trump.html,1,32398d8dcd8da9cc
76,donald_trump,76,76_donald_trump.jpg,https://timedotcom.files.wordpress.com/2015/08/meet-the-candidates-donald-trump.jpg?w\u003d1100\u0026quality\u003d85,Time,http://time.com/3987082/stephen-king-donald-trump/,1,0d64666666bcbc38
81,donald_trump,81,81_donald_trump.jpg,http://i2.cdn.cnn.com/cnnnext/dam/assets/161011105952-01-donald-trump-1011-large-169.jpg,CNN.com,http://www.cnn.com/2016/10/10/politics/paul-ryan-said-he-wont-defend-donald-trump/,1,9d9d191c1616323b
83,donald_trump,83,83_donald_trump.jpg,http://i2.cdn.cnn.com/cnnnext/dam/assets/161015084220-donald-trump-oct-14-2016-large-169.jpg,CNN.com,http://www.cnn.com/2016/10/14/politics/trump-women-accusers/,1,3f7f6fef4d5bfb3b
84,donald_trump,84,84_donald_trump.jpg,http://thefader-res.cloudinary.com/images/w_1440,The Fader,http://www.thefader.com/2016/07/01/donald-trump-and-the-american-divide,1,0f4c4c4c0e1e0e1e
86,donald_trump,86,86_donald_trump.jpg,http://static2.politico.com/dims4/default/d331e8f/2147483647/resize/1160x%3E/quality/90/?url\u003dhttp%3A%2F%2Fstatic.politico.com%2Ff1%2F2b%2F3497a8934de5ab0a1227d3642d59%2F162610-donald-trump-ap-1160.jpg,Politico,http://www.politico.com/story/2016/10/donald-trump-tracking-polls-230293,1,64646425a4a6a6a4
87,donald_trump,87,87_donald_trump.jpg,http://i2.cdn.cnn.com/cnnnext/dam/assets/161020124921-01-trump-ohio-1020-exlarge-169.jpg,CNN.com,http://www.cnn.com/2016/10/20/politics/donald-trump-i-will-totally-accept-election-results-if-i-win/,1,68b437a6a6b5b092
88,donald_trump,88,88_donald_trump.jpg,https://img.washingtonpost.com/rf/image_606w/2010-2019/WashingtonPost/2016/10/07/National-Politics/Images/Campaign_2016_Trump-659f8.jpg,Washington Po,https://www.washingtonpost.com/news/the-fix/wp/2016/10/07/donald-trumps-debate-prep-is-going-great/,1,1b1b39e5c6d0d995
89,donald_trump,89,89_donald_trump.jpg,http://hips.htvapps.com/htv-prod/ibmig/cms/image/wyff/40830816-donald-trump-on-lgbtq-jpg.jpg?crop\u003d1.00xw:1.00xh;0,WYFF.com,http://www.wyff4.com/article/president-donald-trump-to-visit-charleston-on-friday/8800027,1,4d4c5d696c6d4cca
90,donald_trump,90,90_donald_trump.jpg,https://d3i6fh83elv35t.cloudfront.net/newshour/wp-content/uploads/2016/10/RTSSB16-1024x683.jpg,PBS,http://www.pbs.org/newshour/rundown/assault-allegations-donald-trump-recapped/,1,3444ce0b87cd174f
91,donald_trump,91,91_donald_trump.jpg,https://pmcvariety.files.wordpress.com/2015/12/rexfeatures_5340067k-e1449628820722.jpg?w\u003d1000\u0026h\u003d750\u0026crop\u003d1,Variety,http://variety.com/2016/tv/news/louis-c-k-donald-trump-insane-bigot-dangerous-1201723679/,1,ce8e4e8e8e6fcc4c
92,donald_trump,92,92_donald_trump.jpg,https://timedotcom.files.wordpress.com/2016/09/donald-trump.jpg?w\u003d1100\u0026quality\u003d85,Time,http://time.com/4480945/isis-donald-trump/,1,30989d0d8f0d1f4b
93,donald_trump,93,93_donald_trump.jpg,https://img.washingtonpost.com/wp-apps/imrs.php?src\u003dhttps://img.washingtonpost.com/rf/image_960w/2010-2019/WashingtonPost/2016/08/22/Editorial-Opinion/Images/2016-08-22T203400Z_01_CRA104_RTRIDSP_3_USA-ELECTION-TRUMP.jpg\u0026w\u003d480,Washington Po,https://www.washingtonpost.com/news/the-fix/wp/2016/09/14/donald-trump-is-up-5-in-a-new-ohio-poll-and-leads-in-florida-that-isnt-enough-yet/,1,9a8c061c2c2cbab7
94,donald_trump,94,94_donald_trump.jpg,http://i2.cdn.cnn.com/cnnnext/dam/assets/161026140402-trump-campaign-donations-bash-intv-00014626-exlarge-169.jpg,CNN.com,http://www.cnn.com/2016/10/26/politics/donald-trump-dana-bash-rude-question-cnn-wolf-blitzer/,1,3c3821337c766474
97,donald_trump,97,97_donald_trump.jpg,http://c7.nrostatic.com/sites/default/files/uploaded/donald-trump-contract-american-voter-gettysburg-address-r.jpg,National Review,http://www.nationalreview.com/article/441458/donald-trumps-contract-american-voter-gettysburg-address,1,c08e474f8f624206
98,donald_trump,98,98_donald_trump.jpg,https://timedotcom.files.wordpress.com/2015/10/donald-trump6.jpg?w\u003d1100\u0026quality\u003d85,Time,http://time.com/4077615/donald-trump-bush-september-11/,1,0a080d0d4d4b1b9b
99,donald_trump,99,99_donald_trump.jpg,http://s.newsweek.com/sites/www.newsweek.com/files/styles/lg/public/2016/10/14/donald-trump.jpg,Newsweek,http://www.newsweek.com/here-are-absurd-instructions-putting-donald-trump-your-movie-509810,1,9d3e2f1d1999a5bd
102,donald_trump,102,102_donald_trump.jpg,http://media.npr.org/assets/img/2016/10/02/ap_667428401510_wide-1fc307adbcd2768c4e48286db3a67ae8b2a8fd9c-s900-c85.jpg,NPR,http://www.npr.org/2016/10/02/496303458/how-donald-trump-could-have-not-paid-income-taxes-for-18-years,1,4ae5c0e47ebdba7a
110,donald_trump,110,110_donald_trump.jpg,https://www.usnews.com/cmsmedia/16/65/e4a9c6594c34b07019bc2c79bfa9/160930-donaldtrump-editorial.jpg,US News \u0026 World Repor,https://www.usnews.com/opinion/articles/2016-10-03/a-festivus-theory-of-donald-trumps-unhinged-boasts-and-angry-rants,1,474347434e6d5697
114,donald_trump,114,114_donald_trump.jpg,https://static01.nyt.com/images/2016/10/14/opinion/14fri1web/14fri1web-master768.jpg,The New York Time,https://www.nytimes.com/2016/10/14/opinion/donald-trump-vs-a-free-press.html,1,901d0d0e1d1dbedb
115,donald_trump,115,115_donald_trump.jpg,https://peopledotcom.files.wordpress.com/2016/08/donald-trump-800-4.jpg?w\u003d800,People,http://people.com/books/donald-trump-biography-5-things-to-know-about-the-book-he-told-fans-not-to-buy/,1,c4cbcc88cc6cc82b
118,donald_trump,118,118_donald_trump.jpg,https://pmcvariety.files.wordpress.com/2016/09/donald-trump-presidential-debate-2.jpg?w\u003d1000\u0026h\u003d563\u0026crop\u003d1,Variety,http://variety.com/2016/tv/news/billy-bush-reaction-donald-trump-video-apology-1201881989/,1,cd8dcdcece4e4fcd
119,donald_trump,119,119_donald_trump.jpg,http://static.snopes.com/app/uploads/2016/10/donald-trump.jpg,Snopes.com,http://www.snopes.com/trump-described-the-electoral-college-as-a-disaster/,1,d43a3a3ab89c3d35
120,donald_trump,120,120_donald_trump.jpg,http://cdn2.thr.com/sites/default/files/2016/10/donald_j._trump_-_first_presidential_debate_-_getty_-_h_-_2016.jpg,Hollywood Reporter,http://www.hollywoodreporter.com/news/donald-trump-women-unearthed-1994-primetime-interview-nancy-collins-938176,1,8d8c4e0d07026a6a
121,donald_trump,121,121_donald_trump.jpg,https://www.usnews.com/dims4/USNEWS/b06df4e/2147483647/crop/1499x1000%2B0%2B0/resize/970x647/quality/85/?url\u003d%2Fcmsmedia%2F10%2Fa39224783459a221711fba3467f0f5%2Fresizes%2F1500%2Fmedia%3A5c0b879bccfb4b3aaeeb395fbc1f833eCampaign2016Trump.JPEG,US News \u0026 World Repor,https://www.usnews.com/news/articles/2016-10-07/2005-video-shows-donald-trump-saying-lewd-things-about-women,1,1b0b3b3129694868
123,donald_trump,123,123_donald_trump.jpg,http://cdn.newsday.com/polopoly_fs/1.12475468.1476901784!/httpImage/image.jpg_gen/derivatives/landscape_1280/image.jpg,am New York,http://www.amny.com/news/donald-trump-grammar-syntax-errors-times-when-the-english-language-took-a-hit-1.12471317,1,4d4d474f47059d0c
125,donald_trump,125,125_donald_trump.jpg,http://static.snopes.com/app/uploads/2016/03/trump-dick-pic.png,Snopes.com,http://www.snopes.com/donald-trump-no-wig-or-makeup/,1,993b3333ab889c9e
126,donald_trump,126,126_donald_trump.jpg,http://media.washtimes.com.s3.amazonaws.com/media/image/2016/09/06/DonaldTrump.jpg,Washington Time,http://www.washingtontimes.com/news/2016/sep/6/donald-trump-leads-hillary-clinton-2-points-nation/,1,4e9e8f86874b4667
132,donald_trump,132,132_donald_trump.jpg,http://www.lifenews.com/wp-content/uploads/2016/09/donaldtrump61.jpg,LifeNews.com,http://www.lifenews.com/2016/09/16/donald-trump-calls-for-defunding-planned-parenthood-i-am-committed-to-defunding-it/,1,9d4c6652d8d89ada
133,donald_trump,133,133_donald_trump.jpg,https://static01.nyt.com/images/2016/10/14/us/14trumpwomen/14trumpwomen-master768.jpg,The New York Time,https://www.nytimes.com/2016/10/14/us/politics/donald-trump-women.html,1,01210d292c0f434b
134,donald_trump,134,134_donald_trump.jpg,https://timedotcom.files.wordpress.com/2016/01/donald-trump-002.jpg?w\u003d1100\u0026quality\u003d85,Time,http://time.com/4203094/donald-trump-hecklers/,1,4d5a595d1d1d0d2d
136,donald_trump,136,136_donald_trump.jpg,http://www.slate.com/content/dam/slate/articles/news_and_politics/politics/2016/10/10-9-debate/161010_POL_DonaldTrumpMicHold.jpg.CROP.promo-xlarge2.jpg,Slate,http://www.slate.com/blogs/moneybox/2016/10/09/donal_trump_admitted_he_didn_t_pay_taxes_and_then_blamed_hillary.html,1,864e0627054f0d4d
137,donald_trump,137,137_donald_trump.jpg,http://static.snopes.com/app/uploads/2016/09/donald-trump1.jpg,Snopes.com,http://www.snopes.com/trump-pregnancy-inconvenient/,1,3f0f4f1f2464646e
138,donald_trump,138,138_donald_trump.jpg,http://ichef-1.bbci.co.uk/news/660/cpsprodpb/1045A/production/_91505666_d6edb948-ae9d-4f37-aecc-bf1ad2f575ef.jpg,BBC.com,http://www.bbc.com/news/election-us-2016-37956018,1,929a9a9a1e3c3232
139,donald_trump,139,139_donald_trump.jpg,http://cdn.thedailybeast.com/content/dailybeast/articles/2016/09/06/trump-stumbles-and-lies-his-way-through-vets-town-hall/jcr:content/image.crop.800.500.jpg/49107005.cached.jpg,The Daily Bea,http://www.thedailybeast.com/articles/2016/09/06/trump-stumbles-and-lies-his-way-through-vets-town-hall.html,1,4dcf8d4d230b0ecf
141,donald_trump,141,141_donald_trump.jpg,http://www.trbimg.com/img-57f3c8aa/turbine/ct-donald-trump-taxes-garrison-keillor-20161004,Chicago Tribune,http://www.chicagotribune.com/news/opinion/commentary/ct-donald-trump-taxes-garrison-keillor-20161004-story.html,1,498d9d9d9c9b1f25
142,donald_trump,142,142_donald_trump.jpg,https://www.gannett-cdn.com/-mm-/73e4c04c5292f1c6557d142bf64bc02f5ad9667c/c\u003d2319-157-4674-1927\u0026r\u003dx404\u0026c\u003d534x401/local/-/media/2016/09/03/DetroitFreePress/DetroitFreePress/636085053524929261-Trump-comes-to-church-13.JPG,Detroit Free Pre,http://www.freep.com/story/news/politics/2016/09/03/protesters-greet-donald-trump-he-arrives-detroit-church/89768582/,1,7171727ad8d8d859
143,donald_trump,143,143_donald_trump.jpg,https://timedotcom.files.wordpress.com/2016/02/gettyimages-509086490.jpg?w\u003d1100\u0026quality\u003d85,Time,http://time.com/4213231/donald-trump-ted-cruz-offensive-name/,1,cccece8e2b4b4f97
144,donald_trump,144,144_donald_trump.jpg,http://www.trbimg.com/img-577262f2/turbine/ct-donald-trump-charity-20160628,Chicago Tribune,http://www.chicagotribune.com/news/nationworld/politics/ct-donald-trump-charity-20160628-story.html,1,cfe3b3b2b23a3e1a
146,donald_trump,146,146_donald_trump.jpg,https://img.washingtonpost.com/rf/image_480w/2010-2019/WashingtonPost/2016/10/03/Editorial-Opinion/Images/Campaign_2016_Trump-0a23c-1662.jpg?uuid\u003djyLuMomxEeayT6f4nraIhw,Washington Po,https://www.washingtonpost.com/opinions/donald-trumps-contempt-for-american-democracy/2016/10/03/809b1e06-89a8-11e6-bff0-d53f592f176e_story.html,1,6717c77625ec6c6c
148,donald_trump,148,148_donald_trump.jpg,http://img.wennermedia.com/social/donald-trump-responds-to-tape-just-words-e7f14ea9-0c25-4dbc-80db-29ebad16d4ab.jpg,Rolling Stone,http://www.rollingstone.com/politics/news/donald-trump-on-sexual-assault-remarks-its-just-words-w444076,1,98989899091b1b5b
152,donald_trump,152,152_donald_trump.jpg,http://www.charlotteobserver.com/news/politics-government/election/biudic/picture110670922/ALTERNATES/FREE_640/Trump-Charlotte,Charlotte Observer,http://www.charlotteobserver.com/news/politics-government/election/article110546817.html,1,663ec6d8c8c8cc49
153,donald_trump,153,153_donald_trump.jpg,https://fortunedotcom.files.wordpress.com/2016/10/donald-trump-tv.jpg?w\u003d1100\u0026quality\u003d85,Fortune,http://fortune.com/2016/10/24/donald-trump-campaign-facebook-live/,1,3e0e0d0d0d9b1d0c
155,donald_trump,155,155_donald_trump.jpg,http://static4.businessinsider.com/image/57fd9afa8109ee58008b52cc-1190-625/donald-trump-tells-supporters-to-vote-on-november-28.jpg,Business Insider,http://www.businessinsider.com/donald-trump-tells-rally-crowd-to-vote-on-november-28-2016-10,1,4d4dcc4c4c9c4c4f
156,donald_trump,156,156_donald_trump.jpg,https://pixel.nymag.com/imgs/daily/intelligencer/2015/11/22/22-Trump.w710.h473.jpg,New York Magazine,http://nymag.com/daily/intelligencer/2015/11/does-trump-actually-want-a-muslim-database.html,1,b18d4dcdcd8d8d0d
157,donald_trump,157,157_donald_trump.jpg,https://img.washingtonpost.com/rf/image_480w/2010-2019/WashingtonPost/2016/11/10/Editorial-Opinion/Images/AFP_H03HA-1951.jpg?uuid\u003d-qb3aKebEea6WafZMWXG1A,Washington Po,https://www.washingtonpost.com/opinions/donald-trump-is-the-american-machiavelli/2016/11/10/8ebfae16-a794-11e6-ba59-a7d93165c6d4_story.html,1,129e929696323dba
158,donald_trump,158,158_donald_trump.jpg,http://static4.businessinsider.com/image/5810f6b0b28a6429008b5155-1190-625/the-history-of-donald-trump-and-nbcs-love-hate-relationship-that-made-him-a-star.jpg,Business Insider,http://www.businessinsider.com/donald-trump-nbc-relationship-history-timeline-2016-10,1,31342c2c29694ccc
159,donald_trump,159,159_donald_trump.jpg,http://i2.cdn.turner.com/money/dam/assets/160915112948-donald-trump-medical-records-dr-oz-00005708-1024x576.jpg,CNN Money,http://money.cnn.com/2016/09/15/media/dr-oz-donald-trump-episode/,1,31367252ded690b8
160,donald_trump,160,160_donald_trump.jpg,http://www.aljazeera.com/mritems/imagecache/mbdresplarge/mritems/Images/2016/9/9/2f1f3b30bba64494ae4f3dbbda423a4e_18.jpg,Al Jazeera,http://www.aljazeera.com/programmes/upfront/2016/09/reality-check-donald-trump-hawk-dove-160916095240125.html,1,1623232362764646
161,donald_trump,161,161_donald_trump.jpg,http://media.npr.org/assets/img/2016/10/07/gettyimages-612894872_wide-6a821897ebfe4c556960c7ee4eaba15bb82e49ed-s900-c85.jpg,NPR,http://www.npr.org/2016/10/07/497087141/donald-trump-caught-on-tape-making-vulgar-remarks-about-women,1,4f8f2b294ccf0766
162,donald_trump,162,162_donald_trump.jpg,https://media1.britannica.com/eb-media/94/191094-049-EF255FCD.jpg,Encyclopedia Britannica,https://www.britannica.com/biography/Donald-Trump,1,460f0d0d494dcccc
163,donald_trump,163,163_donald_trump.jpg,http://static2.politico.com/dims4/default/b876581/2147483647/resize/1160x%3E/quality/90/?url\u003dhttp%3A%2F%2Fstatic.politico.com%2F3a%2F25%2F4a5973424c5c81d69eecccb36b66%2Fgettyimages-609842650.jpg,Politico,http://www.politico.com/magazine/story/2016/09/trump-biggest-fatal-gaffes-mistakes-offensive-214289,1,34b63933b3337676
164,donald_trump,164,164_donald_trump.jpg,http://www.slate.com/content/dam/slate/articles/news_and_politics/politics/2016/10/10-9-debate/161010_POL_trump-pick.jpg.CROP.promo-xlarge2.jpg,Slate,http://www.slate.com/articles/news_and_politics/politics/2016/10/donald_trump_tells_hillary_clinton_you_d_be_in_jail.html,1,8d9d9f8b2b0b092e
166,donald_trump,166,166_donald_trump.jpg,https://foreignpolicymag.files.wordpress.com/2016/10/gettyimages-615856778.jpg,Foreign Policy,http://foreignpolicy.com/2016/10/20/donald-trump-rigged-elections-violence-american-democracy/,1,2424246636363230
169,donald_trump,169,169_donald_trump.jpg,http://media3.s-nbcnews.com/j/newscms/2016_42/1756481/161018-trump-mbe-830_9f3a89ac0e03f745a502abe87dd326d0.nbcnews-ux-2880-1000.jpg,NBC New,http://www.nbcnews.com/storyline/2016-presidential-debates/donald-trump-tv-network-could-be-just-three-months-away-n668901,1,0d8eca0c6c24c4c6
170,donald_trump,170,170_donald_trump.jpg,http://www.reviewjournal.com/sites/default/files/field/media/web1_trump_061816ev_018_7234013.jpg,Las Vegas Review-Journal,http://www.reviewjournal.com/opinion/editorials/editorial-donald-trump-president,1,39d899195959751f
171,donald_trump,171,171_donald_trump.jpg,https://media1.s-nbcnews.com/j/msnbc/components/video/201609/2016-09-15t13-24-07-3z--1280x720.nbcnews-ux-1080-600.jpg,NBC New,http://www.nbcnews.com/politics/2016-election/trump-releases-results-last-physical-n648866,1,343a3b1b5adbf138
173,donald_trump,173,173_donald_trump.jpg,http://cbsnews1.cbsistatic.com/hub/i/r/2015/08/07/80f009f5-ae59-424b-9bc1-0c6ab041bb76/thumbnail/620x350/812c9661d8bb6f8b127d74b67012e86f/donald-trump-debate.jpg,CBS New,http://www.cbsnews.com/news/donald-trump-officially-fired-from-the-celebrity-apprentice/,1,414347d3c92a28cc
174,donald_trump,174,174_donald_trump.jpg,http://pixel.nymag.com/imgs/daily/intelligencer/2016/10/14/14-trump-meltdown.w710.h473.jpg,New York Magazine,http://nymag.com/daily/intelligencer/2016/10/trump-finally-went-there-and-called-hillary-clinton-ugly.html,1,cf4f93e06cce8ea9
177,donald_trump,177,177_donald_trump.jpg,https://static01.nyt.com/images/2016/09/09/us/09fd-trumpeducation/09fd-trumpeducation-master768.jpg,The New York Time,https://www.nytimes.com/2016/09/09/us/politics/donald-trump-vs-hillary-clinton-where-they-stand-on-education.html,1,3d3c2d2d2d6d6725
181,donald_trump,181,181_donald_trump.jpg,http://assets2.bigthink.com/system/idea_thumbnails/38207/size_1024/donald-trump_1_.jpg?1304464141,Big Think,http://bigthink.com/artful-choice/less-than-artful-choices-narcissistic-personality-disorder-according-to-donald-trump,1,d3f0506064ececf2
183,donald_trump,183,183_donald_trump.jpg,https://img.washingtonpost.com/wp-apps/imrs.php?src\u003dhttps://img.washingtonpost.com/rf/image_960w/2010-2019/Wires/Images/2016-06-07/Reuters/2016-06-08T022823Z_01_NYC101_RTRIDSP_3_USA-ELECTION-TRUMP.jpg\u0026w\u003d480,Washington Po,https://www.washingtonpost.com/news/the-fix/wp/2016/06/09/in-2009-donald-trump-endorsed-action-on-climate-change-three-months-later-he-disparaged-it/,1,07274fc6ceac9696
185,donald_trump,185,185_donald_trump.jpg,https://images.newrepublic.com/41753a5ed4a31d7ab0f93cad20ad903a168fdb5e.jpeg?w\u003d1000\u0026q\u003d65\u0026dpi\u003d1\u0026fm\u003dpjpg\u0026fit\u003dcrop\u0026crop\u003dfaces\u0026h\u003d667,New Republic,https://newrepublic.com/article/124803/donald-trump-not-lia,1,5327c76333371347
186,donald_trump,186,186_donald_trump.jpg,http://cdn.newsday.com/polopoly_fs/1.12480655.1476995183!/httpImage/image.jpeg_gen/derivatives/display_960/image.jpeg,Newsday,http://www.newsday.com/news/nation/donald-trump-speech-debates-and-campaign-quotes-1.11206532,1,0f0f0f6d6d6d6cc4
187,donald_trump,187,187_donald_trump.jpg,http://www.newyorker.com/wp-content/uploads/2016/10/JLA-Trump-Cuba-1200.jpg,The New Yorker,http://www.newyorker.com/news/news-desk/donald-trumps-cuba-hypocrisy,1,d19233f26cac8d89
189,donald_trump,189,189_donald_trump.jpg,https://i.kinja-img.com/gawker-media/image/upload/s--LwL68EuT--/uk0salgpa7fpyzxvfyie.jpg,The Slot - Jezebel,http://theslot.jezebel.com/donald-trump-has-been-elected-president-of-the-united-s-1788623620,1,6561c4c441616a62
191,donald_trump,191,191_donald_trump.jpg,https://img.washingtonpost.com/wp-apps/imrs.php?src\u003dhttps://img.washingtonpost.com/rf/image_960w/2010-2019/WashingtonPost/2016/10/08/National-Politics/Images/05576306.jpg\u0026w\u003d480,Washington Po,https://www.washingtonpost.com/news/acts-of-faith/wp/2016/10/09/in-a-stunning-reversal-theologian-pulls-back-support-from-donald-trump/,1,494d6d6d694ccc2f
193,donald_trump,193,193_donald_trump.jpg,http://stmedia.stimg.co/ctyp_donald-trump-chin.jpg?w\u003d800,City Page,http://www.citypages.com/news/the-20-best-nicknames-for-donald-trump-so-far/389377462,1,004d4d4d0c4f0f0c
194,donald_trump,194,194_donald_trump.jpg,http://cdn.thedailybeast.com/content/dailybeast/articles/2016/09/09/donald-trump-vladimir-putin-and-the-thug-theory-of-leadership/jcr:content/image.crop.800.500.jpg/49114020.cached.jpg,The Daily Bea,http://www.thedailybeast.com/articles/2016/09/09/donald-trump-vladimir-putin-and-the-thug-theory-of-leadership.html,1,8a8e8eaa2a6adad8
196,donald_trump,196,196_donald_trump.jpg,https://www.usnews.com/dims4/USNEWS/f2bd0cc/2147483647/thumbnail/970x647/quality/85/?url\u003d%2Fcmsmedia%2Fdc%2Fcc89ab17b1293e36a185cf95d3d369%2Fresizes%2F1500%2Fmedia%3A29caca151c264d068bc175aca94b851aCampaign2016Trump.JPEG,US News \u0026 World Repor,http://www.usnews.com/news/articles/2016-09-16/donald-trumps-alternate-reality-strategy,1,d94d4d4d5d4d4c0c
197,donald_trump,197,197_donald_trump.jpg,http://www.slate.com/content/dam/slate/uploads/2016/10/06/612532164-republican-presidential-nominee-donald-trump-applauds.jpg.CROP.promo-xlarge2.jpg,Slate,http://www.slate.com/articles/business/the_juice/2016/10/donald_trump_gets_everything_wrong_about_the_war_on_coal.html,1,7fb79d51d484c1c4
198,donald_trump,198,198_donald_trump.jpg,http://pixel.nymag.com/imgs/fashion/daily/2016/10/03/03-donald-trump-apprentice.w710.h473.jpg,New York Magazine,http://nymag.com/thecut/2016/10/donald-trump-sexually-harassed-cast-and-crew-on-the-apprentice.html,1,9b0f0f0b4b4bcf0c
199,donald_trump,199,199_donald_trump.jpg,http://static1.businessinsider.com/image/58100d68b28a647b548b4703-480/donald-trump.jpg,Business Insider,http://www.businessinsider.com/trump-investigation-obama-wikileaks-clinton-emails-2016-10,1,15323b32b28e8d9b
201,donald_trump,201,201_donald_trump.jpg,https://www.usnews.com/dims4/USNEWS/b6ae2da/2147483647/thumbnail/640x420/quality/85/?url\u003d%2Fcmsmedia%2F2b%2Fdc7a3410832648c337b628f61ba30b%2Fresizes%2F1500%2Fmedia%3Aaec7b0b86edb46b2aaada6df7dfcf851Campaign2016Trump.JPEG,US News \u0026 World Repor,https://www.usnews.com/news/politics/articles/2016-09-10/ap-fact-check-trumps-false-claim-of-opposing-the-iraq-wa,1,939999d9d8d8d8da
202,donald_trump,202,202_donald_trump.jpg,http://cbsnews3.cbsistatic.com/hub/i/r/2016/10/05/96ac27f0-7725-4a0c-921b-de69c4becf7a/thumbnail/620x350g2/86e4f20c415c105f79b97cbe606292e7/rtsqs1m.jpg,CBS New,http://www.cbsnews.com/news/is-donald-trump-actually-under-audit/,1,4c4c4c4c0c4d50b3
204,donald_trump,204,204_donald_trump.jpg,https://www.openinvest.co/images/issues/TrumpIssues.jpg,OpenInve,https://www.openinvest.co/blog/divest_donald_trump,1,2aa3cee86e6ecc2a
205,donald_trump,205,205_donald_trump.jpg,http://i2.cdn.turner.com/money/dam/assets/161002115615-donald-trump-pennsylvania-rally-780x439.jpg,CNN Money,http://money.cnn.com/2016/10/12/media/donald-trump-polls/,1,9a9393190b6a7133
207,donald_trump,207,207_donald_trump.jpg,https://i2.wp.com/thefederalist.com/wp-content/uploads/2015/06/Donald-Trump-Fake-Campaign.jpg?resize\u003d350%2C200,The Federali,http://thefederalist.com/2017/02/14/why-the-resistance-is-the-best-thing-that-could-have-happened-to-donald-trump/,1,263e1e5e1c1c4dcf
212,donald_trump,212,212_donald_trump.jpg,http://img.wennermedia.com/480-width/donald-trump-4a87641f-b3cc-4894-ad1c-1280407c6b7d.jpg,Us Weekly,http://www.usmagazine.com/entertainment/news/best-donald-trump-impressions-alec-baldwin-jimmy-fallon-more-w446553,1,4fcf4dccccce8eec
214,donald_trump,214,214_donald_trump.jpg,http://fm.cnbc.com/applications/cnbc.com/resources/img/editorial/2016/10/28/104060542-RTX2QSCS.1910x1000.jpg,CNBC.com,http://www.cnbc.com/2016/10/28/donald-trump-will-win-the-election-and-is-more-popular-than-obama-in-2008-ai-system-finds.html,1,4d4c0f2b6d694e0f
217,donald_trump,217,217_donald_trump.jpg,http://pixel.nymag.com/imgs/fashion/daily/2016/09/16/16-donald-trump.w710.h473.jpg,New York Magazine,http://nymag.com/thecut/2016/09/donald-trumps-new-anti-abortion-letter-should-terrify-you.html,1,0911131111090123
221,donald_trump,221,221_donald_trump.jpg,http://static1.businessinsider.com/image/57e3e298dd0895435a8b4687-480/donald-trump-telephone-phone-call.jpg,Business Insider,http://www.businessinsider.com/trump-attacks-plan-transfer-oversight-icann-from-us-wrong-censorship-2016-9,1,fcb6652cdc3cc8f8
222,donald_trump,222,222_donald_trump.jpg,http://static1.businessinsider.com/image/57d1b90209d29327008b6bc3-480/donald-trump.jpg,Business Insider,http://www.businessinsider.com/reid-hoffman-millions-to-vets-donald-trump-tax-returns-2016-9,1,0c0e0e4c1c1c2a6a
223,donald_trump,223,223_donald_trump.jpg,http://static.politico.com/3f/73/b088696744e59f80e214fe7710be/10-donald-trump-30-ap-1160.jpg,Politico,http://www.politico.com/story/2017/02/trump-nordstrom-tweet-ivanka-234791,1,83e3330b27959693
225,donald_trump,225,225_donald_trump.jpg,http://2d0yaz2jiom3c6vy7e7e5svk.wpengine.netdna-cdn.com/wp-content/uploads/2016/09/reuter-410x220.jpg,Raw Story,http://www.rawstory.com/2017/02/hes-a-racist-david-cay-johnson-explains-why-donald-trump-doesnt-know-anything/,1,0d0d0d4c8d4ccccc
227,donald_trump,227,227_donald_trump.jpg,http://pixel.nymag.com/imgs/daily/science/2015/09/09/09-donald-trump-bully.w536.h357.jpg,New York Magazine,http://nymag.com/scienceofus/2015/09/bullying-researcher-explains-donald-trump.html,1,4292920616064646
229,donald_trump,229,229_donald_trump.jpg,http://www.alternet.org/sites/default/files/styles/story_image/public/story_images/28915300874_ce0cd6c754_z.jpg?itok\u003d7_lT5XhV,Alterne,http://www.alternet.org/election-2016/donald-trump-was-bailed-out-bankruptcy-russia-crime-bosses,1,0f4fcdcdcf0f0d25
230,donald_trump,230,230_donald_trump.jpg,http://media.salon.com/2016/05/donald_trump141-620x412.jpg,Salon,http://www.salon.com/2016/05/15/donald_trump_is_not_an_lgbt_friendly_candidate_his_presidency_would_be_a_disaster_for_human_rights/,1,3c1c9c951d9d1f5c
232,donald_trump,232,232_donald_trump.jpg,http://www.slate.com/content/dam/slate/blogs/the_slatest/2016/11/06/is_donald_trump_s_closing_campaign_ad_anti_semitic/614354602-republican-presidential-candidate-donald-trump-speaks.jpg.CROP.promo-xlarge2.jpg,Slate,http://www.slate.com/blogs/the_slatest/2016/11/06/is_donald_trump_s_closing_campaign_ad_anti_semitic.html,1,373db769e8c8399e
233,donald_trump,233,233_donald_trump.jpg,http://www.slate.com/content/dam/slate/articles/news_and_politics/politics/2016/10/donald_trump_could_have_been_president_don_t_forget_it/578546944-republican-presidential-candidate-donald-trump-gives.jpg.CROP.promo-xlarge2.jpg,Slate,http://www.slate.com/articles/news_and_politics/politics/2016/10/donald_trump_could_have_been_president_don_t_forget_it.html,1,08484e4ad8587070
234,donald_trump,234,234_donald_trump.jpg,http://pixel.nymag.com/imgs/fashion/daily/2016/10/24/24-donald-trump.w710.h473.jpg,New York Magazine,http://nymag.com/thecut/2016/10/donald-trump-accuser-threatens-to-sue-him-for-emotional-hurt.html,1,0321210101410923
235,donald_trump,235,235_donald_trump.jpg,https://si.wsj.net/public/resources/images/BN-QB709_1001tr_GR_20161002000431.jpg,Wall Street Journal,http://www.wsj.com/articles/donald-trump-win-gives-gop-fuel-to-slash-taxes-1478687402,1,3f2d2d2d490d4dc3
236,donald_trump,236,236_donald_trump.jpg,https://static01.nyt.com/images/2016/10/13/opinion/13blowWeb/13blowWeb-master768.jpg,The New York Time,https://www.nytimes.com/2016/10/13/opinion/donald-trump-unshackled-and-unhinged.html,1,326361616161346c
238,donald_trump,238,238_donald_trump.jpg,http://www.catholicnewsagency.com/images/Donald_Trump_Credit_Christopher_Halloran_via_wwwshutterstockcom_CNA.jpg?w\u003d640,Catholic News Agency,http://www.catholicnewsagency.com/tags/donald-trump/,1,c73ddc99132dcd37
239,donald_trump,239,239_donald_trump.jpg,https://img.washingtonpost.com/rf/image_480w/2010-2019/WashingtonPost/2016/09/30/Editorial-Opinion/Images/Campaign_2016_Trump-09223-1667.jpg?uuid\u003dXjIWdocoEeaSwhS2Tz1FPw,Washington Po,https://www.washingtonpost.com/opinions/a-wrecking-ball-in-the-white-house-the-damage-trump-could-do-from-day-one/2016/09/30/1c69e9cc-85b5-11e6-a3ef-f35afb41797f_story.html,1,1b1f979b19199d9c
240,donald_trump,240,240_donald_trump.jpg,https://media1.s-nbcnews.com/j/msnbc/components/video/201610/2016-10-13t22-32-24-9z--1280x720.nbcnews-ux-1080-600.jpg,NBC New,http://www.nbcnews.com/politics/2016-election/allegations-women-have-made-against-donald-trump-n665731,1,d97b666d6b6c6462
241,donald_trump,241,241_donald_trump.jpg,http://i2.cdn.turner.com/money/dam/assets/161016151237-trumps-dangerous-talk-about-a-stolen-election-00020430-1024x576.jpg,CNN Money,http://money.cnn.com/2016/10/15/media/donald-trump-media-journalists/,1,9c9b1c1c1c1c1c1c
246,donald_trump,246,246_donald_trump.jpg,http://static3.businessinsider.com/image/57fe4480918a0f3f1bae6d90/everything-we-know-about-donald-trumps-unhealthy-diet.jpg,Business Insider,http://www.businessinsider.com/donald-trump-unhealthy-diet-exercise-politics-2016-10,1,bc8ccc4cced39baa
247,donald_trump,247,247_donald_trump.jpg,http://www.miamiherald.com/news/politics-government/election/donald-trump/kjge2q-Trm17TrumpMiamiNEWPPP.JPG/alternates/LANDSCAPE_768/Trm17%2BTrump%2BMiami%2BNEW%2BPPP.JPG,Miami Herald,http://www.miamiherald.com/news/politics-government/election/donald-trump/article95161477.html,1,4f4d8aaa0e0c978f
248,donald_trump,248,248_donald_trump.jpg,http://s.newsweek.com/sites/www.newsweek.com/files/styles/embed-lg/public/2016/10/13/trump.jpg,Newsweek,http://www.newsweek.com/donald-trump-apologises-serbia-yugoslavia-bombing-509417,1,26474f2725030302
250,donald_trump,250,250_donald_trump.jpg,https://pixel.nymag.com/imgs/daily/intelligencer/2015/07/22/22-donald-trump-fox.w710.h473.jpg,New York Magazine,http://nymag.com/daily/intelligencer/2015/07/on-trump-murdoch-has-lost-control-of-ailes-fox.html,1,00890a0a8c0c8a22
252,donald_trump,252,252_donald_trump.jpg,http://cdn-s3.si.com/s3fs-public/2016/10/13/donald-trump-locker-room-talk-athletes.jpg,Sports Illustrated,http://www.si.com/more-sports/2016/donald-trump-locker-room-talk-comments-athlete-reactions,1,57656d6c4c5ef779
254,donald_trump,254,254_donald_trump.jpg,http://s.newsweek.com/sites/www.newsweek.com/files/2016/10/17/1017trumppress01.jpg,Newsweek,http://www.newsweek.com/2016/10/28/donald-trump-business-busts-victims-511034.html,1,9d870d8f0f4f932a
257,donald_trump,257,257_donald_trump.jpg,http://static.politifact.com.s3.amazonaws.com/politifact/photos/DT_tight.jpg,PolitiFac,http://www.politifact.com/truth-o-meter/statements/2016/sep/07/donald-trump/trump-repeats-wrong-claim-he-opposed-iraq-war/,1,350dcd898d8d8d89
260,donald_trump,260,260_donald_trump.jpg,http://s.newsweek.com/sites/www.newsweek.com/files/styles/full/public/2016/10/08/1008trump01.JPG,Newsweek,http://www.newsweek.com/donald-trump-words-echo-womans-allegations-507763,1,494d4d5c3c6c644e
264,donald_trump,264,264_donald_trump.jpg,https://timedotcom.files.wordpress.com/2016/09/donald-trump9.jpg?w\u003d1100\u0026quality\u003d85,Time,http://time.com/4506757/donald-trump-ethics-conflict-business/,1,5252532727565643
265,donald_trump,265,265_donald_trump.jpg,https://c.o0bg.com/rf/image_371w/Boston/2011-2020/2016/10/04/BostonGlobe.com/EditorialOpinion/Images/2016-10-04T165849Z_1709354076_S1BEUFBKSVAA_RTRMADP_3_USA-ELECTION-TRUMP.jpg,The Boston Globe,https://www.bostonglobe.com/opinion/2016/10/05/donald-trump-con-man/ndYVU5cxMdebiEA116MYfI/story.html,1,9c9f68cc8c8b8994
266,donald_trump,266,266_donald_trump.jpg,https://pmcdeadline2.files.wordpress.com/2016/10/donald-trump.jpg?w\u003d446\u0026h\u003d299\u0026crop\u003d1,Deadline,http://deadline.com/2016/10/donald-trump-law-order-svu-unstoppable-episode-scheduled-november-16unstoppable-citing-november-16-1201842797/,1,989d9d9652930915
269,donald_trump,269,269_donald_trump.jpg,http://cbsnews2.cbsistatic.com/hub/i/r/2015/07/18/fc5a4c39-7419-4bc9-820e-d59636681084/resize/620x465/58094da168a3be4d63e8f18fed38d074/donald-trump-2015-07-18t162034z.jpg,CBS New,http://www.cbsnews.com/pictures/donald-trump-through-the-years/,1,4ece8e8e8e29391b
274,donald_trump,274,274_donald_trump.jpg,http://img.wennermedia.com/social/gettyimages-612894876-783d18d4-3b0b-4c39-bcd6-014813d7db61.jpg,Rolling Stone,http://www.rollingstone.com/tv/news/see-alec-baldwin-snl-mock-donald-trumps-very-bad-week-w444044,1,8a2b49694c8ece4e
275,donald_trump,275,275_donald_trump.jpg,http://thevoter.co.ke/wp-content/uploads/2017/01/donald-trump-suit.jpg,THE VOTER,http://thevoter.co.ke/2017/01/24/trump-bans-abortion-rights/,1,468f0bcbd8dcccc8
276,donald_trump,276,276_donald_trump.jpg,https://qzprod.files.wordpress.com/2016/10/ap_16281791533171-e1475905421734.jpg?quality\u003d80\u0026strip\u003dall\u0026w\u003d320,Quartz,https://qz.com/804528/the-republican-leaders-who-no-longer-endorse-trump/,1,3333633371eccccc
277,donald_trump,277,277_donald_trump.jpg,https://img.washingtonpost.com/wp-apps/imrs.php?src\u003dhttps://img.washingtonpost.com/rf/image_908w/2010-2019/WashingtonPost/2016/02/10/National-Politics/Images/2016-02-09T215430Z_01_RTW139_RTRIDSP_3_USA-ELECTION-TRUMP.jpg\u0026w\u003d480,Washington Po,https://www.washingtonpost.com/news/the-fix/wp/2016/03/01/are-donald-trumps-fingers-weirdly-short-an-investigation/,1,876767069693134b
280,donald_trump,280,280_donald_trump.jpg,http://www.newyorker.com/wp-content/uploads/2016/10/Frank-Looking-Backward-at-Trump-1200.jpg,The New Yorker,http://www.newyorker.com/news/daily-comment/looking-backward-at-donald-trump,1,071756040f0f1634
281,donald_trump,281,281_donald_trump.jpg,https://img.washingtonpost.com/wp-apps/imrs.php?src\u003dhttps://img.washingtonpost.com/rf/image_960w/2010-2019/Wires/Images/2016-10-12/Reuters/2016-10-13T023137Z_01_MCS140_RTRIDSP_3_USA-ELECTION-TRUMP.jpg\u0026w\u003d480,Washington Po,https://www.washingtonpost.com/news/arts-and-entertainment/wp/2016/10/13/heres-the-advice-donald-trump-gave-bill-cosby-about-sexual-assault-accusations/,1,bebbc39393931b1d
285,donald_trump,285,285_donald_trump.jpg,http://i2.cdn.cnn.com/cnnnext/dam/assets/160916203535-gop-presidential-candidate-donald-trump-holds-rally-in-miami-large-169.jpg,CNN.com,http://www.cnn.com/2016/09/15/politics/donald-trump-obama-birther-united-states/,1,9b5b31ad2cecc80d
286,donald_trump,286,286_donald_trump.jpg,https://peopledotcom.files.wordpress.com/2016/10/donald-trump-1.jpg?w\u003d450,People,http://people.com/politics/two-female-apprentice-alums-share-conflicting-experiences-donald-trump/,1,7c7070948c0d1d1f
287,donald_trump,287,287_donald_trump.jpg,http://static1.businessinsider.com/image/57e5f2fa077dcc1e008b8028-2400/rtsf88d.jpg,Business Insider,http://www.businessinsider.com/clinton-and-trump-on-gun-control-2016-9,1,06587a4bc9d9099b
288,donald_trump,288,288_donald_trump.jpg,http://www.naturalnews.com/gallery/640/EditorialUse/Editorial-Use-Donald-Trump-Hands-Out-Campaign.jpg,Natural New,http://www.naturalnews.com/Donald_Trump.html,1,d3cfcdcc8dabc686
291,donald_trump,291,291_donald_trump.jpg,http://static.snopes.com/app/uploads/2016/09/trumpcourt.jpg,Snopes.com,http://www.snopes.com/2016/11/05/trump-rape-lawsuit-dropped-again/,1,214d46460c6ccecf
296,donald_trump,296,296_donald_trump.jpg,https://static01.nyt.com/images/2016/10/17/opinion/17blowsWeb/17blowsWeb-master768.jpg,The New York Time,https://www.nytimes.com/2016/10/17/opinion/donald-trump-the-worst-of-america.html,1,0723632b23332dac
297,donald_trump,297,297_donald_trump.jpg,http://www.washingtonblade.com/content/files/2016/10/Donald_Trump_460x470_15_c_Washington_Blade_by_Michael_Key.jpg,Washington Blade,http://www.washingtonblade.com/2016/10/14/gay-defense-donald-trump/,1,7bda994eeead5439
299,donald_trump,299,299_donald_trump.jpg,http://static.diffen.com/uploadz/7/79/Donald-Trump-3.jpg,Diffen,http://www.diffen.com/difference/Donald-Trump-vs-Hillary-Clinton,1,0d4e4f0e0f0f0717
302,donald_trump,302,302_donald_trump.jpg,http://15130-presscdn-0-89.pagely.netdna-cdn.com/wp-content/uploads/2017/03/17211877253_792413a6ee_b-701x468.jpg,Politicus USA,http://www.politicususa.com/tag/donald-trump,1,193d39191aceaeee
303,donald_trump,303,303_donald_trump.jpg,http://s.newsweek.com/sites/www.newsweek.com/files/styles/embed-lg/public/2016/09/30/trump-miami.jpg,Newsweek,http://www.newsweek.com/donald-trump-cuba-embargo-florida-fidel-castro-cuban-americans-havana-505067,1,5bdbdddcdbd3d7b5
305,donald_trump,305,305_donald_trump.jpg,http://blogs-images.forbes.com/keithflamer/files/2016/05/Trump-Presidential-Run-1200x673.jpg?width\u003d960,Forbe,http://www.forbes.com/sites/keithflamer/2016/05/27/deconstructing-donald-trump-a-homespun-tale-4/,1,cfc6c617a7971397
307,donald_trump,307,307_donald_trump.jpg,http://i2.cdn.cnn.com/cnnnext/dam/assets/160926221323-trump-hofstra-solo-pic-large-169.jpg,CNN.com,http://www.cnn.com/2016/09/26/politics/presidential-debate-hillary-clinton-donald-trump/,1,84ad8d2d6c6c6c6c
309,donald_trump,309,309_donald_trump.jpg,https://ssl.cdn.turner.com/cnnnext/dam/assets/160930091959-donald-trump-press-conference-july-27-super-169.jpg,CNN.com,http://www.cnn.com/2016/09/30/politics/trump-overnight-media-tweets/,1,69696b696969afaf
310,donald_trump,310,310_donald_trump.jpg,http://www.billboard.com/files/media/donald-trump-2016-debate-sept-billboard-1548.jpg,Billboard,http://www.billboard.com/articles/news/7525544/donald-trump-vs-rosie-odonnell-history,1,4f4f4b4969ed6960
313,donald_trump,313,313_donald_trump.jpg,http://www.newyorker.com/wp-content/uploads/2016/09/Cassidy-Does-Donald-Trump-Pay-Federal-Taxes-1200.jpg,The New Yorker,http://www.newyorker.com/news/john-cassidy/does-donald-trump-pay-any-income-taxes-at-all,1,439393b33b1bab9f
315,donald_trump,315,315_donald_trump.jpg,https://img.washingtonpost.com/wp-apps/imrs.php?src\u003dhttps://img.washingtonpost.com/rf/image_960w/2010-2019/WashingtonPost/2016/09/17/National-Politics/Images/AFP_G9148-3034.jpg\u0026w\u003d480,Washington Po,https://www.washingtonpost.com/news/wonk/wp/2016/09/19/donald-trumps-tax-plan-now-favors-the-ultra-rich-even-more/,1,13b313531396b767
317,donald_trump,317,317_donald_trump.jpg,http://static1.businessinsider.com/image/57d0c0c209d29327008b6929-480/donald-trump-matt-lauer.jpg,Business Insider,http://www.businessinsider.com/donald-trump-matt-lauer-2016-9,1,8595d456c6c6ebe1
318,donald_trump,318,318_donald_trump.jpg,https://media4.s-nbcnews.com/j/msnbc/components/video/201610/2016-10-16t22-39-19-9z--1280x720.nbcnews-ux-1080-600.jpg,NBC New,http://www.nbcnews.com/politics/2016-election/what-s-behind-evangelical-support-donald-trump-less-you-think-n666146,1,cdea36c6c6c46546
319,donald_trump,319,319_donald_trump.jpg,https://upload.wikimedia.org/wikipedia/commons/3/38/Donald_Trump_Rally_10-21-16_(30181858380).jpg,Wikipedia,https://en.wikipedia.org/wiki/List_of_rallies_for_the_Donald_Trump_presidential_campaign,1,1f27071e4dcc0ce9
321,donald_trump,321,321_donald_trump.jpg,http://static2.politico.com/dims4/default/92bbf97/2147483647/resize/1160x%3E/quality/90/?url\u003dhttp%3A%2F%2Fstatic.politico.com%2F54%2F01%2F7e3ebec24bb5bcc51ad7b13ae035%2F160915-mithcell-trump-ap.jpg,Politico,http://www.politico.com/magazine/story/2016/09/donald-trump-ideas-2016-214244,1,0d4d4d4d4d4d0b8b
325,donald_trump,325,325_donald_trump.jpg,http://www.newyorker.com/wp-content/uploads/2016/09/First-Debate-03-1200.jpg,The New Yorker,http://www.newyorker.com/news/amy-davidson/donald-trump-a-failed-bully-in-his-debate-with-clinton,1,504c4c4b6969cbd3
327,donald_trump,327,327_donald_trump.jpg,http://img.huffingtonpost.com/asset/,The Huffington Po,http://www.huffingtonpost.com/entry/donald-trump-daca-dreamers_us_58481963e4b0d0df18372021,1,c68eb9999d1b5254
329,donald_trump,329,329_donald_trump.jpg,http://twt-thumbs.washtimes.com/media/image/2016/07/12/Dumping_Trump.JPEG-1c8ea_c0-0-4135-2410_s885x516.jpg?ff98095bc7010669cd306bcca31a9f7b2925e38b,Washington Time,http://www.washingtontimes.com/news/2016/jul/12/donald-trump-black-americans-not-necessarily-wrong/,1,9d9d999f949d9d9d
330,donald_trump,330,330_donald_trump.jpg,https://pmcdeadline2.files.wordpress.com/2016/03/donald-trump.jpg?w\u003d446\u0026h\u003d299\u0026crop\u003d1,Deadline,http://deadline.com/2016/04/donald-trump-biography-washington-post-scribner-1201735363/,1,2537372437392d8e
335,donald_trump,335,335_donald_trump.jpg,https://www.usnews.com/dims4/USNEWS/1b35796/2147483647/thumbnail/970x647/quality/85/?url\u003d%2Fcmsmedia%2F50%2Fd66dfaa903e31a6f64199dd4ad2332%2Fresizes%2F1500%2Fmedia%3A11001fcba14147389323b2cff28eb30fCampaign2016Debate.JPEG,US News \u0026 World Repor,https://www.usnews.com/news/articles/2016-09-27/ford-fact-checks-donald-trump-on-mexico-move-accusations-during-debate,1,4f0f272607876d2f
336,donald_trump,336,336_donald_trump.jpg,http://i0.wp.com/peopledotcom.files.wordpress.com/2016/10/donald-trump-news52.jpg?crop\u003d0px%2C0px%2C660px%2C495px\u0026resize\u003d660%2C495\u0026ssl\u003d1,People,http://people.com/politics/donald-trump-attacked-people-writer/,1,0c4c0e0c4c4ccccc
338,donald_trump,338,338_donald_trump.jpg,http://www.trbimg.com/img-57f1b824/turbine/ct-donald-trump-taxes-smart-20161002,Chicago Tribune,http://www.chicagotribune.com/news/opinion/commentary/ct-donald-trump-taxes-smart-20161002-story.html,1,e8e6663765e24c4e
345,donald_trump,345,345_donald_trump.jpg,http://www.charlotteobserver.com/news/politics-government/campaign-tracker-blog/dwe8tb/picture108019582/ALTERNATES/FREE_640/Donald%20Trump,Charlotte Observer,http://www.charlotteobserver.com/news/politics-government/campaign-tracker-blog/article108019587.html,1,673737634ac969d6
349,donald_trump,349,349_donald_trump.jpg,http://cdn.thedailybeast.com/content/dailybeast/articles/2016/10/08/donald-trump-just-lost-the-election/jcr:content/image.crop.800.500.jpg/49198167.cached.jpg,The Daily Bea,http://www.thedailybeast.com/articles/2016/10/08/donald-trump-just-lost-the-election.html,1,5a0c4d8f5a7f5b5b
359,donald_trump,359,359_donald_trump.jpg,https://i.ytimg.com/vi/R8Wde1fFvPg/maxresdefault.jpg,YouTube,https://www.youtube.com/watch?v\u003dR8Wde1fFvPg,1,4d4d4e4e4d0e052d
360,donald_trump,360,360_donald_trump.jpg,http://assets.nydailynews.com/polopoly_fs/1.2822693.1475945533!/img/httpImage/image.jpg_gen/derivatives/article_750/trumptv9n-1-web.jpg,New York Daily New,http://www.nydailynews.com/news/politics/trump-cheating-ivana-marla-beautiful-1994-article-1.2822695,1,cccecf8787c6ce86
361,donald_trump,361,361_donald_trump.jpg,http://www.reviewjournal.com/sites/default/files/field/media/web1_trumprally_100516ev_007_7234013.jpg,Las Vegas Review-Journal,http://www.reviewjournal.com/opinion/editorials/editorial-donald-trump-president,1,5b1f72636b0e2003
362,donald_trump,362,362_donald_trump.jpg,http://static3.businessinsider.com/image/57fe50328109ee87238b50fa-480/donald-trump.jpg,Business Insider,http://www.businessinsider.com/donald-trump-virginia-2016-10,1,63032707470e26a6
363,donald_trump,363,363_donald_trump.jpg,http://www.conservapedia.com/images/thumb/5/59/Donald_Trump_RNC_July_2016.jpg/300px-Donald_Trump_RNC_July_2016.jpg,Conservapedia,http://www.conservapedia.com/Donald_Trump,1,5d4d5fb7ed6da8cc
365,donald_trump,365,365_donald_trump.jpg,http://i2.cdn.cnn.com/cnnnext/dam/assets/160928192949-donald-trump-09-28-small-169.jpg,CNN.com,http://www.cnn.com/2016/09/30/politics/trump-overnight-media-tweets/,1,16765653533735e5
366,donald_trump,366,366_donald_trump.jpg,http://static2.politico.com/dims4/default/7546ffd/2147483647/resize/1160x%3E/quality/90/?url\u003dhttp%3A%2F%2Fstatic.politico.com%2F1f%2Fb4%2Fdb0343d44cf0b83725d4ccbf9f59%2F162109-donald-trump-getty-1160.jpg,Politico,http://www.politico.com/story/2016/09/donald-trump-stop-and-frisk-228486,1,91d3c3d9d9d9d9de
367,donald_trump,367,367_donald_trump.jpg,https://www.usnews.com/dims4/USNEWS/646ff3a/2147483647/thumbnail/303x202/quality/85/?url\u003d%2Fcmsmedia%2F85%2F83%2F5f1d97cc4ebab6f9206c3d50d396%2Fresizes%2F500%2F160916-trumpbirther-editorial.jpg,US News \u0026 World Repor,http://www.usnews.com/news/articles/2016-09-16/donald-trumps-alternate-reality-strategy,1,d94d4d4d5d4d4c0c
368,donald_trump,368,368_donald_trump.jpg,http://c6.nrostatic.com/sites/default/files/styles/original_image_with_cropping/public/uploaded/donald-trump-contract-american-voter-gettysburg-address.jpg?itok\u003dmAP0tu57,National Review,http://www.nationalreview.com/article/441458/donald-trumps-contract-american-voter-gettysburg-address,1,d35a4d1a28c80848
370,donald_trump,370,370_donald_trump.jpg,http://www.motherjones.com/files/imagecache/top-of-content-image/trump_13.jpeg,Mother Jone,http://www.motherjones.com/politics/2016/09/donald-trump-dr-oz,1,3f3726262666da9f
375,donald_trump,375,375_donald_trump.jpg,http://www.reviewjournal.com/sites/default/files/field/media/web1_ap_16294607874385_7234013.jpg,Las Vegas Review-Journal,http://www.reviewjournal.com/opinion/editorials/editorial-donald-trump-president,1,37172f1ba9393138
376,donald_trump,376,376_donald_trump.jpg,https://thumbs.mic.com/NTE1YmM5MTllNyMvWVEwaHNnTDNkTDFZSHZpNXl1T2NweUVBSWdZPS8zNXgwOjMyOTh4MTY2NS8xMjgweDYyMC9maWx0ZXJzOnF1YWxpdHkoNzUpL2h0dHBzOi8vczMuYW1hem9uYXdzLmNvbS9wb2xpY3ltaWMtaW1hZ2VzL2JkcmlueHJzdmpubWJjbTZ4b3Uxd3VpcmVqY2hvcmw1YjRwZWFlNXFvaDh2b21ibXBlaG10eWw0cDdkbWtrZ2ouanBn.jpg,Mic,https://mic.com/articles/156222/donald-trump-billy-bush-leaked-video-full-transcript-read-the-full-sexist-exchange-here,1,0a8adaf8f8d9dddc
380,donald_trump,380,380_donald_trump.jpg,http://cdn.thedailybeast.com/content/dailybeast/articles/2016/09/09/donald-trump-jon-voight-vow-to-save-christianity/jcr:content/image.crop.800.500.jpg/49115551.cached.jpg,The Daily Bea,http://www.thedailybeast.com/articles/2016/09/09/donald-trump-jon-voight-vow-to-save-christianity.html,1,e6e6a6121b181c7c
384,donald_trump,384,384_donald_trump.jpg,http://www.indiewire.com/wp-content/uploads/2016/09/screen-shot-2016-09-21-at-7-28-58-am.png?w\u003d780,IndieWire,http://www.indiewire.com/2016/09/donald-trump-election-roast-comedy-central-1201729118/,1,cfcd2ceccc6c6cec
393,donald_trump,393,393_donald_trump.jpg,http://media3.s-nbcnews.com/j/msnbc/components/video/201609/2016-09-17t11-03-28-866z--1280x720.nbcnews-ux-1080-600.jpg,NBC New,http://www.nbcnews.com/politics/2016-election/trump-reverses-cuba-wonders-what-happens-if-clinton-security-disarms-n649781,1,490d4b8a494d8e8e
396,donald_trump,396,396_donald_trump.jpg,http://ei.marketwatch.com//Multimedia/2016/10/11/Photos/ZH/MW-EX619_trump1_20161011230742_ZH.jpg?uuid\u003d0a50c0de-9029-11e6-843c-00137241c023,MarketWatch,http://www.marketwatch.com/story/oops-donald-trump-tells-supporters-to-vote-nov-28-2016-10-11,1,0f0393e2ee6f4d4d
398,donald_trump,398,398_donald_trump.jpg,http://media.salon.com/2016/10/donald_trump288.jpg,Salon,http://www.salon.com/2017/01/24/donald-trump-imperialist-forget-isolationism-trump-longs-to-build-up-our-military-and-then-use-it/,1,4d468606460c0f07
401,donald_trump,401,401_donald_trump.jpg,http://static1.businessinsider.com/image/580828c08d83b449278b48fc-480/donald-trump.jpg,Business Insider,http://www.businessinsider.com/donald-trump-concede-election-results-2016-10,1,0f4f4b4bc9cc6969
402,donald_trump,402,402_donald_trump.jpg,https://www.usnews.com/cmsmedia/ae/05/bec36c2b42abb159dea1d499d0af/160912-trump-editorial.jpg,US News \u0026 World Repor,https://www.usnews.com/news/articles/2016-09-20/donald-trump-talks-debate-attacks-on-hillary-clinton-with-bill-oreilly,1,4c8c8c0c0f4e0f2f
403,donald_trump,403,403_donald_trump.jpg,http://www.alternet.org/sites/default/files/styles/story_image/public/story_images/29664778321_ae02ca5dc6_c_for_web.jpg?itok\u003d9xfZgSRB,Alterne,http://www.alternet.org/election-2016/where-was-donald-trump-born-he-even-lies-about,1,66362626a232b2da
404,donald_trump,404,404_donald_trump.jpg,http://static3.businessinsider.com/image/57f66fb257540cd42b8b47ab-2400/rtsqxqw.jpg,Business Insider,http://www.businessinsider.com/heres-where-donald-trump-stands-on-healthcare-2016-10,1,07071b1d064d0d0d
409,donald_trump,409,409_donald_trump.jpg,http://media.salon.com/2016/09/donald_trump_debate.jpg,Salon,http://www.salon.com/2016/09/27/donald-trumps-biggest-lies-during-the-first-presidential-debate/,1,0d4d4d49c9cc4949
413,donald_trump,413,413_donald_trump.jpg,https://espnfivethirtyeight.files.wordpress.com/2016/05/ap_16127608992006.jpg?quality\u003d90\u0026strip\u003dall\u0026w\u003d575\u0026ssl\u003d1,FiveThirtyEigh,http://fivethirtyeight.com/features/the-four-things-i-learned-from-the-donald-trump-primary/,1,5f1e3b9b0d190f4a
421,donald_trump,421,421_donald_trump.jpg,http://www.thewrap.com/wp-content/uploads/2016/10/DonaldTrump-7.jpg,TheWrap,http://www.thewrap.com/donald-trump-rips-jay-z-over-cursing-at-hillary-clinton-rally-video/,1,2627070202030325
424,donald_trump,424,424_donald_trump.jpg,http://www.catholicnewsagency.com/images/Donald_Trump_at_the_Republican_National_Convention_in_Cleveland_OH_July_18_21_2016_Credit_Addie_Mena_13_CNA.jpg?w\u003d640,Catholic News Agency,http://www.catholicnewsagency.com/news/read-donald-trumps-letter-to-catholic-leaders-88473/,1,5d0f2433f1c50785
425,donald_trump,425,425_donald_trump.jpg,http://www.billboard.com/files/styles/article_main_image/public/media/donald-trump-2016-debate-sept-billboard-1548.jpg,Billboard,http://www.billboard.com/articles/news/7525544/donald-trump-vs-rosie-odonnell-history,1,4f4f4b4969ed6960
431,donald_trump,431,431_donald_trump.jpg,http://pixel.nymag.com/imgs/daily/intelligencer/2016/10/06/06-donald-trump-bible.w710.h473.jpg,New York Magazine,http://nymag.com/daily/intelligencer/2016/10/why-trump-could-speed-the-death-of-the-christian-right.html,1,1b5bd958dcd89e1f
432,donald_trump,432,432_donald_trump.jpg,http://cbsnews1.cbsistatic.com/hub/i/r/2016/10/03/a0dc5550-c5ad-4b93-a907-c958ef8e2470/thumbnail/620x350g2/00c818e2bd4f0164d839e76f4f7e2801/rtsqki5.jpg,CBS New,http://www.cbsnews.com/news/donald-trump-vows-to-strengthen-cybersecurity-capabilities/,1,464e5613191b1616
433,donald_trump,433,433_donald_trump.jpg,http://a.abcnews.com/images/Politics/RT_Donald_Trump_NC_MEM_160921_12x5_1600.jpg,ABC News - Go.com,http://abcnews.go.com/Politics/donald-trump-african-americans-worst-off-latest-push/story?id\u003d42246717,1,c8c88c9592db5b4a
442,donald_trump,442,442_donald_trump.jpg,https://thumbs.mic.com/NWQ3NDMwZmRmOSMvRF82UUs4WFdEMm9NOEdBOXRqVkhPOXo1QWRFPS8yM3g3NzE6NTQ0OXgzNTYxLzEyODB4NjIwL2ZpbHRlcnM6cXVhbGl0eSg3NSkvaHR0cHM6Ly9zMy5hbWF6b25hd3MuY29tL3BvbGljeW1pYy1pbWFnZXMvdzNpNGtjdGFudWphaW5sbGNrdWs4MHo1amUzc2xiaXNvcG5nYmhmZHZqbTYxdml1c2NjenVxOHZibGxjeHlmZy5qcGc.jpg,Mic,https://mic.com/articles/156215/grab-them-by-the-pussy-donald-trump-taped-making-shockingly-crude-remarks-about-women,1,fe3310d8f3d0d4f4
445,donald_trump,445,445_donald_trump.jpg,http://hips.htvapps.com/htv-prod-media.s3.amazonaws.com/ibmig/cms/image/wlky/38280832-donald-trump-in-louisville-jpg.jpg?crop\u003d1xw:1.00000000000000000xh;center,WLKY.com,http://www.wlky.com/article/supporters-protesters-clash-at-donald-trump-s-louisville-rally/3765136,1,dadbdbd2d21e1c1a
447,donald_trump,447,447_donald_trump.jpg,http://media.npr.org/assets/img/2016/10/13/gettyimages-611010964_custom-bfdd95816025769e80e0711476ba668e54201e16-s900-c85.jpg,NPR,http://www.npr.org/2016/10/13/497799354/a-list-of-donald-trumps-accusers-of-inappropriate-sexual-conduct,1,0000340a4c4a8a8c
449,donald_trump,449,449_donald_trump.jpg,http://www.thewrap.com/wp-content/uploads/2016/10/DonaldTrump-1.jpg,TheWrap,http://www.thewrap.com/will-president-donald-trump-sidestep-the-first-amendment-to-block-free-press/,1,1f4f4f496949cc61
457,donald_trump,457,457_donald_trump.jpg,http://www.thewrap.com/wp-content/uploads/2016/09/Donald-Trump-Miami-Rally-gun-control.jpg,TheWrap,http://www.thewrap.com/donald-trump-says-in-debate-that-sex-tape-was-just-locker-room-talk/,1,67f7f171d9b4b4b8
458,donald_trump,458,458_donald_trump.jpg,http://www.trbimg.com/img-56c635d7/turbine/la-la-na-donald-trump-insults-af-wre0036680161-20160218/550/550x309,Los Angeles Time,http://www.latimes.com/nation/politics/la-na-donald-trump-insults-20160218-htmlstory.html,1,494d4b4a2c2b6262
462,donald_trump,462,462_donald_trump.jpg,http://static4.businessinsider.com/image/580035c652dd7320008b4d1b-480/donald-trump.jpg,Business Insider,http://www.businessinsider.com/donald-trump-texas-poll-2016-10,1,343c785e1e3f3b3b
464,donald_trump,464,464_donald_trump.jpg,http://www.chronicle.com//img/photos/biz/photo_78843_landscape_850x566.jpg,The Chronicle of Higher Education,http://www.chronicle.com/article/Donald-Trump-Actually-Talked/238065,1,2cc9e9e9ccce4ad1
465,donald_trump,465,465_donald_trump.jpg,http://www.newyorker.com/wp-content/uploads/2016/10/Cassidy-Trump-Pence-1200.jpg,The New Yorker,http://www.newyorker.com/news/john-cassidy/can-donald-trump-learn-from-mike-pence,1,f6f5ededfdfcf43c
472,donald_trump,472,472_donald_trump.jpg,https://i1.wp.com/heatst.com/wp-content/uploads/2016/05/donald-trump-judge.jpg?crop\u003d0px%2C132px%2C3000px%2C1137px\u0026resize\u003d871%2C330\u0026quality\u003d80\u0026strip\u003dall\u0026ssl\u003d1,Heat Stree,https://heatst.com/politics/donald-trumps-money-is-a-myth-will-he-bankrupt-the-rnc-too/,1,5e1d9a1b1b4e4743
477,donald_trump,477,477_donald_trump.jpg,http://images1.browardpalmbeach.com/imager/u/745xauto/8070529/donaldtrump.jpg,New Times Broward-Palm Beach,http://www.browardpalmbeach.com/news/climate-change-expert-thinks-theres-hope-for-donald-trump-on-global-warming-8066950,1,429c9d0f0d07575d
478,donald_trump,478,478_donald_trump.jpg,http://media1.s-nbcnews.com/j/msnbc/components/video/201610/f_trump_statement_161007.nbcnews-ux-1080-600.jpg,NBC New,http://www.nbcnews.com/politics/2016-election/analysis-deconstructing-donald-trump-s-apology-video-n662336,1,ee6d6c2fa3edcccc
479,donald_trump,479,479_donald_trump.jpg,http://static2.businessinsider.com/image/57fe44d0918a0fb21bae6d90-1190-625/everything-we-know-about-donald-trumps-unhealthy-diet.jpg,Business Insider,http://www.businessinsider.com/donald-trump-unhealthy-diet-exercise-politics-2016-10,1,23cec6c6c6032325
480,donald_trump,480,480_donald_trump.jpg,http://media.dmnews.com/images/2016/10/17/trumpdirectmail_1074586.jpg?format\u003djpg\u0026zoom\u003d1\u0026quality\u003d70\u0026anchor\u003dmiddlecenter\u0026width\u003d320\u0026mode\u003dpad,Direct Marketing New,http://www.dmnews.com/marketing-strategy/5-lessons-marketers-can-really-learn-from-donald-trump/article/568176/,1,1f0fcf6b4b4d0f4f
481,donald_trump,481,481_donald_trump.jpg,https://www.outsideonline.com/sites/default/files/styles/three-quarter-page-scaled-1x/public/trump-environment-views_h.jpg?itok\u003dLweLfwfG,Outside Magazine,https://www.outsideonline.com/2117796/donald-trump-environmental-scorecard,1,53931331ad8c2cac
485,donald_trump,485,485_donald_trump.jpg,http://images.techtimes.com/data/images/full/276980/donald-trump.jpg,Tech Time,http://www.techtimes.com/articles/183256/20161021/donald-trump-posts-spark-facebook-divide-employees-want-hate-speech-removed-but-zuck-says-no.htm,1,8662666e66a7a767
488,donald_trump,488,488_donald_trump.jpg,https://cdn0.vox-cdn.com/thumbor/w3pKx3TpoQQ6Yv3VI-TPBlrivUs\u003d/800x0/filters:no_upscale()/cdn0.vox-cdn.com/uploads/chorus_asset/file/6447683/AP_668843456156.0.jpg,Eater,http://www.eater.com/2016/5/6/11606514/donald-trump-eating-tiny-hands,1,b1b93991979cbfd3
490,donald_trump,490,490_donald_trump.jpg,http://media.vanityfair.com/photos/56cb5d11f22538fb7dd843ec/master/h_590,Vanity Fair,http://www.vanityfair.com/news/2016/10/graydon-carter-on-donald-trump,1,a13169788cab711c
495,donald_trump,495,495_donald_trump.jpg,http://i.telegraph.co.uk/multimedia/archive/03527/Trump_dec_15_3527643b.jpg,The Telegraph,http://www.telegraph.co.uk/news/worldnews/republicans/12052760/republican-debate-donald-trump-las-vegas.html,1,4c0b896969495909
497,donald_trump,497,497_donald_trump.jpg,https://cdn3.vox-cdn.com/uploads/chorus_asset/file/6448765/trumpeatingAP.0.jpg,Eater,http://www.eater.com/2016/5/6/11606514/donald-trump-eating-tiny-hands,1,24cdcd0e4ecacc0c
498,donald_trump,498,498_donald_trump.jpg,http://www.aljazeera.com/mritems/imagecache/mbdxxlarge/mritems/Images/2016/10/2/acf46c8c639d4eb79f830f214e37de78_18.jpg,Al Jazeera,http://www.aljazeera.com/indepth/opinion/2016/10/donald-trump-dummies-161002090830970.html,1,4c2c2c2d0f8e4e4d
500,donald_trump,500,500_donald_trump.jpg,http://cdn-image.foodandwine.com/sites/default/files/styles/rd_fwrd_blog_main_image/public/donald-trump-food-policy-ft-blog0916.jpg?itok\u003ducGW7fBX,Food \u0026 Wine,http://www.foodandwine.com/blogs/what-donald-trump-presidency-means-food-policy,1,7a2a6b6e6c6de5d7
508,donald_trump,508,508_donald_trump.jpg,https://thumbs.mic.com/NGMxNmQ0ZWQwNCMvSUZ1NExyd3YxUG95NzZSMlhuNENqTHhCcFJVPS83N3gyOTozNDAxeDE3NTkvMTI4MHg2MjAvZmlsdGVyczpxdWFsaXR5KDc1KS9odHRwczovL3MzLmFtYXpvbmF3cy5jb20vcG9saWN5bWljLWltYWdlcy9ma2ljYThmYW02eTFjaWNoMWZidDQyandpbjdyeHl0cndiNGdrZm53Zzdvb2Z5aDF0NW1xeW1nd3B4eWJreWZ2LmpwZw.jpg,Mic,https://mic.com/articles/156669/how-many-women-have-accused-donald-trump-of-rape-or-sexual-assault,1,96969e9e9c9c5c5c
509,donald_trump,509,509_donald_trump.jpg,http://static2.politico.com/dims4/default/ae21976/2147483647/resize/1160x%3E/quality/90/?url\u003dhttp%3A%2F%2Fstatic.politico.com%2F60%2F5a%2Fcdee79a34f30ac5cf97c1a82be61%2F161104-donald-trump-ap-1160.jpg,Politico,http://www.politico.com/story/2016/11/donald-trump-rape-lawsuit-dropped-230770,1,3d3c3c961f1f1b1b
512,donald_trump,512,512_donald_trump.jpg,http://static2.businessinsider.com/image/57e9dcaeb0ef97eb018b85b7-480/donald-trump-debate.jpg,Business Insider,http://www.businessinsider.com/donald-trump-stop-and-frisk-debate-2016-9,1,0f0f4b48c88a7068
516,donald_trump,516,516_donald_trump.jpg,https://cdn0.vox-cdn.com/thumbor/moVYDEm93vKK2yKfzLuTPI_qudA\u003d/800x0/filters:no_upscale()/cdn0.vox-cdn.com/uploads/chorus_asset/file/6447673/AP_905522493182.0.jpg,Eater,http://www.eater.com/2016/5/6/11606514/donald-trump-eating-tiny-hands,1,5231393b3b2ce868
519,donald_trump,519,519_donald_trump.jpg,http://www.reviewjournal.com/sites/default/files/field/media/web1_1013-trump_7234013.jpg,Las Vegas Review-Journal,http://www.reviewjournal.com/opinion/editorials/editorial-donald-trump-president,1,8985313535b4b626
523,donald_trump,523,523_donald_trump.jpg,http://static2.businessinsider.com/image/57e01c3c077dcc62238b6829-480/donald-trump.jpg,Business Insider,http://www.businessinsider.com/most-controversial-people-on-wikipedia-2016-9,1,06165a37f0949899
525,donald_trump,525,525_donald_trump.jpg,https://peopledotcom.files.wordpress.com/2016/08/donald-trump-e-1024.jpg?w\u003d1024\u0026h\u003d768,People,http://people.com/celebrity/donald-trump-says-hes-much-nicer-than-people-think/,1,2c0c1f1bcbc848b1
526,donald_trump,526,526_donald_trump.jpg,https://espnfivethirtyeight.files.wordpress.com/2016/07/ap_16186740129472.jpg?quality\u003d90\u0026strip\u003dall\u0026w\u003d575\u0026ssl\u003d1,FiveThirtyEigh,https://fivethirtyeight.com/features/trump-may-become-the-first-republican-in-60-years-to-lose-white-college-graduates/,1,d3d393f3339485c1
528,donald_trump,528,528_donald_trump.jpg,https://media4.s-nbcnews.com/j/newscms/2016_41/1750406/161013-trump-detroit-church-1005p_215c286ca6dd1f251a23a7ed4f52b7b9.nbcnews-ux-2880-1000.jpg,NBC New,http://www.nbcnews.com/politics/2016-election/what-s-behind-evangelical-support-donald-trump-less-you-think-n666146,1,cdcded4d4dcd98ba
536,donald_trump,536,536_donald_trump.jpg,http://i.huffpost.com/gen/4687612/images/n-DONALD-TRUMP-628x314.jpg,The Huffington Po,http://www.huffingtonpost.com/marty-rudoy/think-trump-will-close-th_b_12299572.html,1,968c49496deccd59
542,donald_trump,542,542_donald_trump.jpg,http://media.npr.org/assets/img/2016/09/28/gettyimages-610818318_wide-523b63b7049ab34e54819b2f34df920075122e4a-s900-c85.jpg,NPR,http://www.npr.org/2016/09/28/495805190/no-donald-trump-didnt-win-post-debate-polls,1,30507b5e581bba32
544,donald_trump,544,544_donald_trump.jpg,http://static.politifact.com.s3.amazonaws.com/politifact/photos/Trump_clapping_in_NC.jpg,PolitiFac,http://www.politifact.com/truth-o-meter/statements/2016/sep/22/donald-trump/trumps-pants-fire-claim-blacks-are-absolutely-wors/,1,729272278cbca5f8
547,donald_trump,547,547_donald_trump.jpg,https://peopledotcom.files.wordpress.com/2016/08/donald-trump-c-435.jpg?w\u003d435\u0026h\u003d580,People,http://people.com/celebrity/what-donald-trump-probably-learned-from-peoples-story-about-marla-maples/,1,a44dcd4c4c581004
554,donald_trump,554,554_donald_trump.jpg,http://media.washtimes.com.s3.amazonaws.com/media/image/2016/09/27/DonaldTrump.jpg,Washington Time,http://www.washingtontimes.com/specials/trump-central/,1,52334a5c5367e5a5
558,donald_trump,558,558_donald_trump.jpg,http://media.npr.org/assets/img/2016/10/08/gettyimages-612541326-dd3c9e75123548ace8e43b2cdfb85f1ee9a482d2-s900-c85.jpg,NPR,http://www.npr.org/2016/10/08/497181974/republicans-call-for-donald-trump-to-drop-out-trump-says-he-wont-quit,1,c7c6b395952b3f35
559,donald_trump,559,559_donald_trump.jpg,http://fm.cnbc.com/applications/cnbc.com/resources/img/editorial/2016/10/25/104048384-GettyImages-617806580.530x298.jpg?v\u003d1477424754,CNBC.com,http://www.cnbc.com/2016/10/28/donald-trump-will-win-the-election-and-is-more-popular-than-obama-in-2008-ai-system-finds.html,1,37371f373d6e2eb7
561,donald_trump,561,561_donald_trump.jpg,https://www.usnews.com/dims4/USNEWS/120785b/2147483647/thumbnail/970x647/quality/85/?url\u003d%2Fcmsmedia%2F74%2F28c9ad4c2a46b40ec774b3f322672b%2Fresizes%2F1500%2Fmedia%3Ad392f6f4910c409fa5f2891ede0a8020TrumpTorture.JPEG,US News \u0026 World Repor,http://www.usnews.com/news/blogs/at-the-edge/2016/03/01/president-donald-trump-likely-the-next-occupant-of-the-white-house,1,3130327272323232
575,donald_trump,575,575_donald_trump.jpg,https://heavyeditorial.files.wordpress.com/2016/10/gettyimages-51302529-e1476329767130.jpg?quality\u003d65\u0026strip\u003dall\u0026w\u003d780\u0026strip\u003dall,Heavy.com,http://heavy.com/news/2016/10/donald-trump-sexual-assault-accusation-acuser-accusation-the-apprentice-contestant-summer-zervos/,1,fbdbb36969696969
577,donald_trump,577,577_donald_trump.jpg,https://i.vemba.io/images/resize-6095b96c62da4d68a125dc7fc6fe088e-aspect-w-300.jpg,The Daily Bea,http://www.thedailybeast.com/articles/2016/10/14/ivanka-trump-silent-as-women-allege-donald-trump-inappropriately-touched-them.html,1,29182869696849e9
585,donald_trump,585,585_donald_trump.jpg,https://peopledotcom.files.wordpress.com/2016/08/donald-trump-f-1024.jpg?w\u003d1024,People,http://people.com/celebrity/donald-trump-talks-brother-freds-death-from-alcoholism/,1,79d191bbf8f87273
592,donald_trump,592,592_donald_trump.jpg,http://assets.nydailynews.com/polopoly_fs/1.2848475.1477642099!/img/httpImage/image.jpg_gen/derivatives/article_750/usa-election-trump.jpg,New York Daily New,http://www.nydailynews.com/news/politics/donald-trump-calls-african-american-neighborhoods-ghettos-article-1.2848477,1,6aeaaa6c65636664
601,donald_trump,601,601_donald_trump.jpg,https://cdn-images-1.medium.com/max/800/1*e49itv-f4vrEoLnESL5NRQ.jpeg,ThinkProgre,https://thinkprogress.org/protesters-greet-donald-trump-at-black-church-in-detroit-what-do-we-have-to-lose-everything-3c0df2a03dc9,1,4b6f29dc4c4c4464
604,donald_trump,604,604_donald_trump.jpg,http://esq.h-cdn.co/assets/16/41/1476377728-gameindex.jpg,Esquire,http://www.esquire.com/news-politics/a49475/donald-trump-pick-up-artist/,1,3a53b83034262226
605,donald_trump,605,605_donald_trump.jpg,http://static4.businessinsider.com/image/57f801a757540c8a728b4994-480/donald-trump.png,Business Insider,http://www.businessinsider.com/trump-leaked-recording-women-audio-billy-bush-2016-10,1,dada6be860606362
608,donald_trump,608,608_donald_trump.jpg,http://www.trbimg.com/img-57ec052d/turbine/ct-donald-trump-blacks-racist-20160928,Chicago Tribune,http://www.chicagotribune.com/news/opinion/commentary/ct-donald-trump-blacks-racist-20160928-story.html,1,102626264fdae585
611,donald_trump,611,611_donald_trump.jpg,http://www.conservapedia.com/images/thumb/6/67/Donald_Trump_Speaking_in_Fountain_Hills.jpg/300px-Donald_Trump_Speaking_in_Fountain_Hills.jpg,Conservapedia,http://www.conservapedia.com/Donald_Trump,1,6e3e59c8c8e8968e
617,donald_trump,617,617_donald_trump.jpg,http://www.slate.com/content/dam/slate/blogs/the_slatest/2016/10/14/donald_trump_sexual_assault_response_they_re_too_ugly_for_me/614354608-republican-presidential-candidate-donald-trump-speaks.jpg.CROP.promo-xlarge2.jpg,Slate,http://www.slate.com/blogs/the_slatest/2016/10/14/donald_trump_sexual_assault_response_they_re_too_ugly_for_me.html,1,bff93359d8dcded9
619,donald_trump,619,619_donald_trump.jpg,https://i.kinja-img.com/gawker-media/image/upload/s--vKG5AEP8--/c_scale,The Slot - Jezebel,http://theslot.jezebel.com/meet-the-convicted-cocaine-trafficker-donald-trump-call-1787180877,1,850d0c1424646063
622,donald_trump,622,622_donald_trump.jpg,http://i2.cdn.cnn.com/cnnnext/dam/assets/160906141735-donald-trump-virginia-beach-large-169.jpg,CNN.com,http://www.cnn.com/2016/09/06/politics/donald-trump-hillary-clinton-election-2016/,1,c8ae2e6a6c29b9b9
625,donald_trump,625,625_donald_trump.jpg,http://i.huffpost.com/gen/4751570/images/n-DONALD-TRUMP-628x314.jpg,The Huffington Po,http://www.huffingtonpost.com/adam-levin/does-donald-trump-have-a_b_12375794.html,1,736c6d6b27276fcf
627,donald_trump,627,627_donald_trump.jpg,http://cbsnews1.cbsistatic.com/hub/i/r/2016/09/20/0a678206-96b7-4812-8e34-d149abc3aa31/thumbnail/620x350/94c2d1867ebc30944505c06c68619c4b/2016-09-20t221011z-79389734-s1beuclrahaa-rtrmadp-3-usa-election-trump.jpg,CBS New,http://www.cbsnews.com/news/donald-trump-ups-ad-spending-to-140m-expands-into-3-more-states/,1,c9093b39321290d3
631,donald_trump,631,631_donald_trump.jpg,https://m.hrc.onl/secretary/05-feed/04-sept/48-trump-accusations/trump-accusations-feed-cover-700x467.jpg,Hillary for America,https://www.hillaryclinton.com/feed/9-times-donald-trump-accused-hillary-clinton-of-doing-all-the-terrible-things-hes-done/,1,568a0f879bd9ae9d
637,donald_trump,637,637_donald_trump.jpg,http://16411-presscdn-0-65.pagely.netdna-cdn.com/wp-content/uploads/2016/09/trump.jpg,Literary Hub,http://lithub.com/22-famous-writers-on-donald-trump/,1,8c0f4b2969696dcc
642,donald_trump,642,642_donald_trump.jpg,https://i0.wp.com/fusion.net/wp-content/uploads/2016/05/160523-trump-social-card-6.1.png?resize\u003d670%2C335\u0026quality\u003d80\u0026strip\u003dall,Fusion,http://fusion.net/story/305204/donald-trump-best-worst-quotes/,1,035151412131032a
645,donald_trump,645,645_donald_trump.jpg,https://static.independent.co.uk/s3fs-public/styles/article_small/public/indy100/Z1r35m__Zg/10993-1dfrorp.jpg,indy100,https://www.indy100.com/article/presenting-donald-trumps-best-worst-tweets--Z1r35m__Zg,1,534d2e4e8c3ccece
655,donald_trump,655,655_donald_trump.jpg,http://blogs-images.forbes.com/jenniferwang/files/2016/09/0923_donald-trump-portrait_650x455.jpg?width\u003d960,Forbe,http://www.forbes.com/sites/jenniferwang/2016/09/28/the-definitive-look-at-donald-trumps-wealth-new/,1,090b070e094bc20f
657,donald_trump,657,657_donald_trump.jpg,http://cdnph.upi.com/svc/sv/upi/7181473363120/2016/1/4f9ec6f569e1654dd56601bdb887ad2d/Donald-Trump-proposes-20-billion-school-voucher-education-plan.jpg,UPI.com,http://www.upi.com/Top_News/US/2016/09/08/Donald-Trump-proposes-20-billion-school-voucher-education-plan/7181473363120/,1,4f4bcbcdd88c8c14
685,donald_trump,685,685_donald_trump.jpg,http://ksassets.timeincuk.net/wp/uploads/sites/46/2016/05/donald-trump.jpg,Marie Claire,http://www.marieclaire.co.uk/entertainment/people/donald-trump-quotes-57213,1,5d4d4d490d1d4c26
690,donald_trump,690,690_donald_trump.jpg,http://www.slate.com/content/dam/slate/blogs/xx_factor/2016/09/29/is_fat_shaming_donald_trump_a_fair_response_to_his_misogyny/610704212-republican-presidential-nominee-donald-trump-speaks-at.jpg.CROP.promo-xlarge2.jpg,Slate,http://www.slate.com/blogs/xx_factor/2016/09/29/is_fat_shaming_donald_trump_a_fair_response_to_his_misogyny.html,1,f5b5a4a703030e3d
695,donald_trump,695,695_donald_trump.jpg,https://i0.wp.com/thefederalist.com/wp-content/uploads/2016/02/Trump1.jpg?resize\u003d350%2C200,The Federali,http://thefederalist.com/2016/02/26/watch-trump-drop-the-f-bomb-5-times-in-74-seconds/,1,7566767776766d67
711,donald_trump,711,711_donald_trump.jpg,http://media.npr.org/assets/img/2016/10/02/ap_9506070417_sq-af56d84c51185fddcb1051d17fcbbeee8e31febe-s300-c85.jpg,NPR,http://www.npr.org/2016/10/03/496373010/donald-trump-those-taxes-and-the-new-york-times,1,14a2e3a4ac9c94a8
720,donald_trump,720,720_donald_trump.jpg,http://www.slate.com/content/dam/slate/blogs/the_slatest/2016/09/16/donald_trump_s_birther_tweets_in_order/605694882-republican-presidential-nominee-donald-trump-speaks-at.jpg.CROP.promo-xlarge2.jpg,Slate,http://www.slate.com/blogs/the_slatest/2016/09/16/donald_trump_s_birther_tweets_in_order.html,1,919633799891ad8d
745,donald_trump,745,745_donald_trump.jpg,http://media.vanityfair.com/photos/57c86089c4c543236f2c11de/master/w_768,Vanity Fair,http://www.vanityfair.com/news/2017/01/donald-trump-a-pillar-of-ignorance-and-certitude-graydon-carte,1,989c1d9d19191979
750,donald_trump,750,750_donald_trump.jpg,http://media.vanityfair.com/photos/57f2d36c6d65c9f44d47fc88/master/pass/donald-trump-the-ugly-american.jpg,Vanity Fair,http://www.vanityfair.com/news/2016/10/graydon-carter-on-donald-trump,1,989cbcadecc6e2e6
761,donald_trump,761,761_donald_trump.jpg,http://i.telegraph.co.uk/multimedia/archive/03506/Donald-Trump-speak_3506344b.jpg,The Telegraph,http://www.telegraph.co.uk/news/worldnews/republicans/12008741/Donald-Trump-would-support-a-Muslim-database-following-Paris-attacks.html,1,e7242565049e7e3c
