,candidate,count,image_file,image_url,news_source,news_source_url,present
0,hillary_clinton,0,0_hillary_clinton.jpg,http://pixel.nymag.com/imgs/fashion/daily/2016/09/26/hillary-clinton-debate.w710.h473.2x.jpg,New York Magazine,http://nymag.com/thecut/2016/09/hillary-clintons-sickest-debate-burns.html,1
1,hillary_clinton,1,1_hillary_clinton.jpg,http://i2.cdn.cnn.com/cnnnext/dam/assets/161018105950-03-hillary-clinton-file-1011-full-169.jpg,CNN.com,http://www.cnn.com/2016/12/21/politics/donald-trump-hillary-clinton-popular-vote-final-count/,1
2,hillary_clinton,2,2_hillary_clinton.jpg,http://cdn.thefederalist.com/wp-content/uploads/2016/10/Hillary-debate-998x698.jpg,The Federali,http://thefederalist.com/2016/10/20/the-five-most-outrageous-hillary-clinton-lies-from-the-last-debate/,1
3,hillary_clinton,3,3_hillary_clinton.jpg,http://i.huffpost.com/gen/4727452/images/n-HILLARY-CLINTON-628x314.jpg,The Huffington Po,http://www.huffingtonpost.com/isaac-saul/i-wrote-that-i-despised-hillary-clinton-i-take-it-back_b_12220124.html,1
4,hillary_clinton,4,4_hillary_clinton.jpg,http://media.salon.com/2016/10/hillary_clinton_mtr5-620x412.jpg,Salon,http://www.salon.com/2016/10/20/hillary-clinton-is-an-actual-feminist-she-met-trumps-misogyny-head-on-without-apology/,1
5,hillary_clinton,5,5_hillary_clinton.jpg,http://static3.businessinsider.com/image/57ebbd72b0ef977f298b863b-1190-625/here-are-all-the-major-newspapers-that-have-endorsed-hillary-clinton-for-president.jpg,Business Insider,http://www.businessinsider.com/hillary-clinton-endorsements-newspaper-editorial-board-president-2016-2016-9,1
6,hillary_clinton,6,6_hillary_clinton.jpg,http://static4.businessinsider.com/image/57ea366db0ef9764008b8572-1190-625/5-pieces-of-evidence-that-hillary-clinton-won-the-big-presidential-debate.jpg,Business Insider,http://www.businessinsider.com/why-hillary-clinton-won-the-debate-2016-9,1
8,hillary_clinton,8,8_hillary_clinton.jpg,http://cdn.images.express.co.uk/img/dynamic/78/590x/secondary/hillary-clinton-glasses-649196.jpg,Daily Expre,http://www.express.co.uk/news/world/709081/Hillary-Clinton-health-US-presidential-election-year-vascular-dementia-claim,1
9,hillary_clinton,9,9_hillary_clinton.jpg,http://static2.businessinsider.com/image/57ede35bd8872425008b4596-480/hillary-clinton-newspaper.jpg,Business Insider,http://www.businessinsider.com/hillary-clinton-endorsements-newspaper-editorial-board-president-2016-2016-9,1
10,hillary_clinton,10,10_hillary_clinton.jpg,https://www.gannett-cdn.com/-mm-/4cf54f94e2f757b9d4e2a4becdb92a2fdf178f7a/c\u003d280-0-2496-1666\u0026r\u003dx404\u0026c\u003d534x401/local/-/media/2016/09/23/Cincinnati/Cincinnati/636102299100675700-HillaryClinton-AmericanLegion-0006-1-.jpg,Cincinnati Enquirer,http://www.cincinnati.com/story/opinion/editorials/2016/09/23/enquirer-endorses-hillary-clinton-donald-trump/90728344/,1
11,hillary_clinton,11,11_hillary_clinton.jpg,http://i2.cdn.cnn.com/cnnnext/dam/assets/160911134326-03-hillary-clinton-leaves-chelseas-apt-0911-exlarge-169.jpg,CNN.com,http://www.cnn.com/2016/09/11/politics/hillary-clinton-health-2016-election/,1
12,hillary_clinton,12,12_hillary_clinton.jpg,http://i2.wp.com/peopledotcom.files.wordpress.com/2016/10/clinton.jpg?crop\u003d0px%2C0px%2C1682px%2C1333px\u0026resize\u003d2000%2C1333\u0026ssl\u003d1,People,http://people.com/politics/naked-hillary-clinton-statue-new-york-city/,1
13,hillary_clinton,13,13_hillary_clinton.jpg,http://www.denverpost.com/wp-content/uploads/2016/10/hillary-clinton-for-president1.jpg,The Denver Po,http://www.denverpost.com/2016/10/07/denver-post-endorses-hillary-clinton-for-president/,1
14,hillary_clinton,14,14_hillary_clinton.jpg,http://i2.cdn.cnn.com/cnnnext/dam/assets/160902134341-hillary-clinton-0831-large-169.jpg,CNN.com,http://www.cnn.com/2016/09/07/politics/how-hillary-clinton-could-win/,1
15,hillary_clinton,15,15_hillary_clinton.jpg,http://media.breitbart.com/media/2016/09/GettyImages-599728506-640x480.jpg,Breitbar,http://www.breitbart.com/2016-presidential-race/2016/10/02/ed-klein-hillary-uses-people-as-punching-bags/,1
16,hillary_clinton,16,16_hillary_clinton.jpg,https://upload.wikimedia.org/wikipedia/commons/5/54/Hillary_Clinton_1992.jpg,Reveli,http://www.revelist.com/politics/hillary-clinton-sexism-history/3861,1
18,hillary_clinton,18,18_hillary_clinton.jpg,http://img.wennermedia.com/480-width/hillary-clinton-53d90c4e-7965-4647-b33f-8f3e479e24f7.jpg,Us Weekly,http://www.usmagazine.com/stylish/news/reebok-reimagines-hillary-clintons-power-suit-pics-w445672,1
19,hillary_clinton,19,19_hillary_clinton.jpg,http://static4.businessinsider.com/image/57d5ff8fb0ef9737018b4e52-480/hillary-clinton.jpg,Business Insider,http://www.businessinsider.com/hillary-clinton-pneumonia-health-scare-scandal-2016-9,1
20,hillary_clinton,20,20_hillary_clinton.jpg,http://fm.cnbc.com/applications/cnbc.com/resources/img/editorial/2016/10/19/104033435-AP_16294042467704.530x298.jpg?v\u003d1476926033,CNBC.com,http://www.cnbc.com/2016/10/19/hillary-clinton-heres-what-i-want-in-the-supreme-court.html,1
21,hillary_clinton,21,21_hillary_clinton.jpg,http://cdn.images.express.co.uk/img/dynamic/78/590x/hillary-clinton-ill-709081.jpg,Daily Expre,http://www.express.co.uk/news/world/709081/Hillary-Clinton-health-US-presidential-election-year-vascular-dementia-claim,1
22,hillary_clinton,22,22_hillary_clinton.jpg,http://www.newyorker.com/wp-content/uploads/2016/09/Kavner-Hillary-Clinton-Debate-Performance-1200.jpg,The New Yorker,http://www.newyorker.com/humor/daily-shouts/five-extremely-logical-theories-about-hillary-clintons-debate-performance,1
24,hillary_clinton,24,24_hillary_clinton.jpg,http://static2.politico.com/dims4/default/a978d09/2147483647/resize/1160x%3E/quality/90/?url\u003dhttp%3A%2F%2Fstatic.politico.com%2F21%2Faa%2F3a6a54ab46a9847934120189fb19%2F162209-hillary-clinton-getty-1160.jpg,Politico,http://www.politico.com/story/2016/09/hillary-clinton-debate-prep-228558,1
25,hillary_clinton,25,25_hillary_clinton.jpg,https://pmcdeadline2.files.wordpress.com/2016/09/hillary-clinton-sept-11-nyc.jpg?w\u003d446\u0026h\u003d299\u0026crop\u003d1,Deadline,http://deadline.com/2016/09/hillary-clinton-911-anniversary-overheated-stumble-hollywood-fundraisers-jimmy-kimmel-live-1201817188/,1
26,hillary_clinton,26,26_hillary_clinton.jpg,http://media.advance.net/politics_news_national_desk/photo/hillary-clinton-a4fdd6c1cb39303b.jpg,NJ.com,http://www.nj.com/politics/index.ssf/2016/10/the_states_hillary_clinton_needs_to_win_for_the_pr.html,1
27,hillary_clinton,27,27_hillary_clinton.jpg,http://stmedia.startribune.com/images/451890+AP+105142437390.JPG,Star Tribune,http://www.startribune.com/star-tribune-editorial-board-endorsement-hillary-clinton-for-president/397983561/,1
28,hillary_clinton,28,28_hillary_clinton.jpg,http://static5.businessinsider.com/image/57e9f6b5077dcc1b008b85d6-480/hillary-clinton-debate.jpg,Business Insider,http://www.businessinsider.com/why-hillary-clinton-won-the-debate-2016-9,1
29,hillary_clinton,29,29_hillary_clinton.jpg,http://cdn.thedailybeast.com/content/dailybeast/articles/2016/09/08/hillary-clinton-did-not-wear-an-earpiece-here-are-close-up-pictures-to-prove-it/jcr:content/body/inlineimage.img.800.jpg/49112080.cached.jpg,The Daily Bea,http://www.thedailybeast.com/articles/2016/09/08/hillary-clinton-did-not-wear-an-earpiece-here-are-close-up-pictures-to-prove-it.html,1
31,hillary_clinton,31,31_hillary_clinton.jpg,http://www.trbimg.com/img-5813f928/turbine/ct-hillary-clinton-emails-kass-1030-20161028,Chicago Tribune,http://www.chicagotribune.com/news/columnists/kass/ct-hillary-clinton-emails-kass-1030-20161028-column.html,1
32,hillary_clinton,32,32_hillary_clinton.jpg,http://d279m997dpfwgl.cloudfront.net/wp/2016/09/0927_hillary_clinton_shimmy_cog-1000x688.jpg,WBUR,http://www.wbur.org/cognoscenti/2016/09/27/first-debate-clinton-trump-joanna-weiss,1
33,hillary_clinton,33,33_hillary_clinton.jpg,https://i0.wp.com/thefederalist.com/wp-content/uploads/2015/03/Hillary-Clinton.jpg?resize\u003d350%2C200,The Federali,http://thefederalist.com/2016/11/03/hillary-clinton-effective-perpetual-liar/,1
34,hillary_clinton,34,34_hillary_clinton.jpg,http://16004-presscdn-0-50.pagely.netdna-cdn.com/wp-content/uploads/hillary-crosseyed-3.jpg,The Gateway Pundi,http://www.thegatewaypundit.com/2016/09/whats-wrong-hillary-clinton-cross-eyed-hillary-photos-surface/,1
35,hillary_clinton,35,35_hillary_clinton.jpg,http://legalinsurrection.com/wp-content/uploads/2016/07/Hillary-Clinton-Convention-Wow-e1472219918315-620x435.png,Legal Insurrection,http://legalinsurrection.com/2016/12/hillary-clinton-wins-something/,1
36,hillary_clinton,36,36_hillary_clinton.jpg,https://pmcdeadline2.files.wordpress.com/2016/10/hillary-clinton-oct-2016.jpg?w\u003d446\u0026h\u003d299\u0026crop\u003d1,Deadline,http://deadline.com/2016/10/hillary-clinton-la-fundraiser-jeffrey-katzenberg-haim-saban-david-nevins-chelsea-clinton-1201832991/,1
37,hillary_clinton,37,37_hillary_clinton.jpg,https://www.conservativereview.com/sss/media/images/conservative-review/article-images/2016/september/hillary-clinton-with-egg-earrings.jpg,Conservative Review,https://www.conservativereview.com/commentary/2016/09/49-abominable-facts-about-hillary-the-media-wont-tell-yo,1
38,hillary_clinton,38,38_hillary_clinton.jpg,https://cdn.psychologytoday.com/sites/default/files/styles/article-inline-half/public/field_blog_entry_images/Hillary_Clinton_Philadelphia_2016_(cropped).jpg?itok\u003dPq_eRVCV,Psychology Today,https://www.psychologytoday.com/blog/the-situation-lab/201610/the-personality-hillary-clinton,1
39,hillary_clinton,39,39_hillary_clinton.jpg,http://i.telegraph.co.uk/multimedia/archive/03480/Hillary_Clinton_la_3480655b.jpg,The Telegraph,http://www.telegraph.co.uk/news/worldnews/hillary-clinton/11951682/Hillary-Clintons-big-Benghazi-lie.html,1
40,hillary_clinton,40,40_hillary_clinton.jpg,http://media.breitbart.com/media/2016/09/Hillary-Clinton-sept-26-getty-200x150.jpg,Breitbar,http://www.breitbart.com/hillary-clinton/,1
41,hillary_clinton,41,41_hillary_clinton.jpg,https://s3.amazonaws.com/assets.forward.com/images/cropped/hillaryclinton-0926-1474993469.jpg,The Forward,http://forward.com/sisterhood/350878/that-time-donald-trump-tried-to-mansplain-hillary-clinton-and-lost-the-deba/,1
42,hillary_clinton,42,42_hillary_clinton.jpg,http://www.investors.com/wp-content/uploads/2016/08/GUEST-clinton-083016-AP.jpg,Investor\u0027s Business Daily,http://www.investors.com/politics/commentary/of-course-hillary-clinton-deleted-those-benghazi-emails-on-purpose/,1
43,hillary_clinton,43,43_hillary_clinton.jpg,https://media1.britannica.com/eb-media/99/190899-004-6B666158.jpg,Encyclopedia Britannica,https://www.britannica.com/biography/Hillary-Rodham-Clinton,1
44,hillary_clinton,44,44_hillary_clinton.jpg,http://www.newyorker.com/wp-content/uploads/2016/09/Wallace-Wells-Hillary-Clinton-Changing-Politics-of-Patriotism-320x240-1473343991.jpg,The New Yorker,http://www.newyorker.com/topics/hillary-clinton-in-the-new-yorke,1
45,hillary_clinton,45,45_hillary_clinton.jpg,http://media.npr.org/assets/img/2016/09/22/clinton2ferns_sq-c6ab983115ee6622a6c0b6c8445772809a9ec183-s300-c85.jpg,NPR,http://www.npr.org/2016/09/23/495172227/watch-20-years-before-two-ferns-hillary-clinton-played-forrest-gump,1
46,hillary_clinton,46,46_hillary_clinton.jpg,http://i.telegraph.co.uk/multimedia/archive/03267/Hillary-Clinton_1_3267645b.jpg,The Telegraph,http://www.telegraph.co.uk/news/worldnews/hillary-clinton/12172037/Black-people-shouldnt-be-fooled-by-Hillary-Clinton.html,1
47,hillary_clinton,47,47_hillary_clinton.jpg,https://timedotcom.files.wordpress.com/2015/05/hillary-clinton4.jpg?w\u003d1100\u0026quality\u003d85,Time,http://time.com/3889577/hillary-clinton-paid-speeches-lobbyists-influence/,1
48,hillary_clinton,48,48_hillary_clinton.jpg,http://www.snopes.com/wordpress/wp-content/uploads/2016/09/clinton-earpiece-large.jpg,Snopes.com,http://www.snopes.com/hillary-clinton-secret-earpiece/,1
50,hillary_clinton,50,50_hillary_clinton.jpg,http://fm.cnbc.com/applications/cnbc.com/resources/img/editorial/2016/09/08/103925904-GettyImages-599532528.530x298.jpg?v\u003d1473360140,CNBC.com,http://www.cnbc.com/2016/09/08/hillary-clinton-responds-to-critiques-that-she-is-too-aloof-cold.html,1
51,hillary_clinton,51,51_hillary_clinton.jpg,http://cbsnews3.cbsistatic.com/hub/i/r/2016/10/06/298eedc1-b1d8-4bc4-92dd-0ce850938c34/thumbnail/620x350/c8d6a14535d9c9d934e3cfaabae1878d/2016-10-05t233650z-548512738-s1beufhrwkaa-rtrmadp-3-usa-election-clinton.jpg,CBS New,http://www.cbsnews.com/news/hillary-clinton-weighs-in-on-michael-flynns-resignation/,1
52,hillary_clinton,52,52_hillary_clinton.jpg,http://media.breitbart.com/media/2016/10/Screen-Shot-2016-10-09-at-11.02.17-PM-640x480.jpg,Breitbar,http://www.breitbart.com/2016-presidential-race/2016/10/09/hillary-clinton-doesnt-flinch-fly-lands-face/,1
53,hillary_clinton,53,53_hillary_clinton.jpg,http://radaronline.com/wp-content/uploads/2016/07/hillary-clinton-health-troubles-email-leak-details-06.jpg,Radar Online,http://radaronline.com/photos/hillary-clinton-health-troubles-email-leak-details/,1
54,hillary_clinton,54,54_hillary_clinton.jpg,http://www.theamericanmirror.com/wp-content/uploads/2016/10/Hillary-Clinton-parkinsons.jpg,The American Mirror,http://www.theamericanmirror.com/parkinsons-hillarys-head-shakes-harrisburg-press-conference/,1
55,hillary_clinton,55,55_hillary_clinton.jpg,http://cdn.images.express.co.uk/img/dynamic/78/590x/secondary/hillary-clinton-seizures-649190.jpg,Daily Expre,http://www.express.co.uk/news/world/709081/Hillary-Clinton-health-US-presidential-election-year-vascular-dementia-claim,1
56,hillary_clinton,56,56_hillary_clinton.jpg,http://media1.s-nbcnews.com/j/msnbc/components/video/201609/a_ov_forummashup_160907.nbcnews-ux-1080-600.jpg,NBC New,http://www.nbcnews.com/politics/2016-election/trump-praises-putin-clinton-defends-email-n644621,1
57,hillary_clinton,57,57_hillary_clinton.jpg,https://img.washingtonpost.com/rf/image_480w/2010-2019/WashingtonPost/2016/09/29/Editorial-Opinion/Images/Campaign_2016_Clinton-0e2c4-1659.jpg?uuid\u003d4PiA5oZuEeaSwhS2Tz1FPw,Washington Po,https://www.washingtonpost.com/opinions/ive-come-to-admire-hillary-clinton-what-on-earth-happened/2016/09/30/4a3a92a8-85c3-11e6-92c2-14b64f3d453f_story.html,1
59,hillary_clinton,59,59_hillary_clinton.jpg,http://i.huffpost.com/gen/4786352/images/n-HILLARY-CLINTON-628x314.jpg,The Huffington Po,http://www.huffingtonpost.com/earl-ofari-hutchinson/what-we-can-expect-from-p_b_12611878.html,1
60,hillary_clinton,60,60_hillary_clinton.jpg,https://timedotcom.files.wordpress.com/2016/05/hillary-clinton9.jpg?w\u003d1100\u0026quality\u003d85,Time,http://time.com/4345712/hillary-clinton-transgender-activists/,1
61,hillary_clinton,61,61_hillary_clinton.jpg,http://www.slate.com/content/dam/slate/blogs/the_slatest/2016/09/27/arizona_republic_writes_mic_drop_endorsement_of_hillary_clinton/609556640-democratic-presidential-nominee-hillary-clinton-speaks.jpg.CROP.promovar-mediumlarge.jpg,Slate,http://www.slate.com/blogs/the_slatest/2016/09/27/arizona_republic_writes_mic_drop_endorsement_of_hillary_clinton.html,1
62,hillary_clinton,62,62_hillary_clinton.jpg,http://pixel.nymag.com/imgs/fashion/daily/2016/10/26/26-hillary-javits-center-glass-ceiling.w710.h473.jpg,New York Magazine,http://nymag.com/thecut/2016/10/guess-where-hillary-clintons-election-night-party-is.html,1
63,hillary_clinton,63,63_hillary_clinton.jpg,http://www.nationalenquirer.com/wp-content/uploads/2016/09/hillary-clinton-health-secrets-coverup-1a.jpg,National Enquirer,http://www.nationalenquirer.com/photos/hillary-clinton-health-secrets-concussion-stroke-ms-claims/,1
64,hillary_clinton,64,64_hillary_clinton.jpg,http://c3.nrostatic.com/sites/default/files/uploaded/hillary-clinton-president-california-r.jpg,National Review,http://www.nationalreview.com/corner/443254/hillary-clinton-president-california,1
65,hillary_clinton,65,65_hillary_clinton.jpg,http://www.newsobserver.com/opinion/editorials/2m15pf/picture106974772/ALTERNATES/FREE_640/Hillary%203(2),News \u0026 Observer,http://www.newsobserver.com/opinion/editorials/article106974777.html,1
66,hillary_clinton,66,66_hillary_clinton.jpg,http://www.kansascity.com/opinion/editorials/tasds2/picture108280072/ALTERNATES/FREE_640/Campaign%202016%20Clinton(8),Kansas City Star,http://www.kansascity.com/opinion/editorials/article108280082.html,1
67,hillary_clinton,67,67_hillary_clinton.jpg,https://timedotcom.files.wordpress.com/2016/05/gettyimages-522938650.jpg?w\u003d1100\u0026quality\u003d85,Time,http://time.com/money/4320224/hillary-clinton-supports-ending-forced-arbitration/,1
68,hillary_clinton,68,68_hillary_clinton.jpg,http://radaronline.com/wp-content/uploads/2015/07/hillary-clinton-makeup-mistakes-bad-hair-14.jpg,Radar Online,http://radaronline.com/photos/hillary-clinton-makeup-hair-malfunctions-photos-presidential-candidate-getting-ready-daily-challenge/,1
69,hillary_clinton,69,69_hillary_clinton.jpg,http://radaronline.com/wp-content/uploads/2016/03/hillary-clinton-rude-videos.jpg,Radar Online,http://radaronline.com/photos/hillary-clinton-rude-videos-bill-clinton-presidential-candidate-most-obnoxious-heckler-moments/,1
70,hillary_clinton,70,70_hillary_clinton.jpg,http://pixel.nymag.com/imgs/daily/intelligencer/2016/10/15/15-hillary-clinton-speech-2013.w710.h473.2x.jpg,New York Magazine,http://nymag.com/daily/intelligencer/2016/10/here-are-hillary-clintons-goldman-sachs-speeches.html,1
71,hillary_clinton,71,71_hillary_clinton.jpg,http://15130-presscdn-0-89.pagely.netdna-cdn.com/wp-content/uploads/2016/09/2701a6d0-clinton-4x3-701x526.jpg,Politicus USA,http://www.politicususa.com/2016/10/02/texas-newspaper-destroys-myth-hillary-clinton-lesser-evils.html,1
72,hillary_clinton,72,72_hillary_clinton.jpg,https://media2.giphy.com/media/l0HlE56oAxpngfnWM/giphy-facebook_s.jpg?t\u003d1,Giphy,http://giphy.com/search/hillary-clinton,1
73,hillary_clinton,73,73_hillary_clinton.jpg,http://media2.fdncms.com/stranger/imager/u/original/24584711/1475003552-1460746207-shutterstock_405351559_480.jpg,The Stranger,http://www.thestranger.com/slog/2016/09/27/24584577/unsolicited-advice-for-hillary-clinton,1
74,hillary_clinton,74,74_hillary_clinton.jpg,https://wp.zillowstatic.com/3/Hillary_Clinton_official_Secretary_of_State_portrait_crop-3ab7a1.jpg,Zillow,https://www.zillow.com/research/hillary-clintons-housing-plans-13290/,1
76,hillary_clinton,76,76_hillary_clinton.jpg,http://s.newsweek.com/sites/www.newsweek.com/files/2016/09/22/hillary-clinton.png,Newsweek,http://www.newsweek.com/2016/10/07/hillary-clinton-donald-trump-election-2016-502264.html,1
77,hillary_clinton,77,77_hillary_clinton.jpg,http://i2.cdn.cnn.com/cnnnext/dam/assets/160910171309-clinton-expresses-regret-calls-trump-supporters-deplorable-00000000-exlarge-169.jpg,CNN.com,http://www.cnn.com/2016/09/09/politics/hillary-clinton-donald-trump-basket-of-deplorables/,1
78,hillary_clinton,78,78_hillary_clinton.jpg,http://a.abcnews.com/images/Politics/GTY-hillary-clinton-jt-161028_31x13_1600.jpg,ABC News - Go.com,http://abcnews.go.com/Politics/timeline-hillary-clintons-email-saga/story?id\u003d29442707,1
79,hillary_clinton,79,79_hillary_clinton.jpg,https://s3.amazonaws.com/assets.forward.com/images/cropped/hillaryclinton-0912-1473662547.jpg,The Forward,http://forward.com/opinion/politics/349650/did-hillary-forget-watergate-its-not-pneumonia-that-gets-you-its-the-cover/,1
82,hillary_clinton,82,82_hillary_clinton.jpg,http://i2.cdn.cnn.com/cnnnext/dam/assets/160910191310-hillary-clinton-chris-cuomo-sotu-intv-1-00003608-large-169.jpg,CNN.com,http://www.cnn.com/2016/09/11/politics/hillary-clinton-september-11/,1
83,hillary_clinton,83,83_hillary_clinton.jpg,https://pixel.nymag.com/imgs/fashion/daily/2016/03/16/16-hillary-clinton.w710.h473.2x.jpg,New York Magazine,http://nymag.com/daily/intelligencer/2016/11/activists-urge-hillary-clinton-to-challenge-election-results.html,1
84,hillary_clinton,84,84_hillary_clinton.jpg,http://i.telegraph.co.uk/multimedia/archive/03008/hillary-clinton_3008594b.jpg,The Telegraph,http://www.telegraph.co.uk/news/worldnews/hillary-clinton/11404271/Boris-Johnson-once-compared-Hillary-Clinton-to-a-sadistic-nurse-in-a-mental-hospital.html,1
85,hillary_clinton,85,85_hillary_clinton.jpg,https://i.guim.co.uk/img/media/b270d8267652790f38817120049506857c476b7c/0_234_3500_2101/master/3500.jpg?w\u003d300\u0026q\u003d55\u0026auto\u003dformat\u0026usm\u003d12\u0026fit\u003dmax\u0026s\u003d8978165fd1911a428ab10f2963ae405b,The Guardian,https://www.theguardian.com/us-news/2016/oct/28/fbi-reopens-hillary-clinton-emails-investigation,1
87,hillary_clinton,87,87_hillary_clinton.jpg,http://static2.blastingnews.com/media/photogallery/2016/10/28/290x290/b_290x290/hillary-clinton-set-to-unveil-campaign-finance-proposal-politico-politico-com_946625.jpg,US.Blasting.New,http://us.blastingnews.com/news/2016/10/fbi-re-investigating-hillary-clinton-emails-raises-serious-questions-of-partisan-attack-001217017.html,1
88,hillary_clinton,88,88_hillary_clinton.jpg,http://static5.businessinsider.com/image/57eee97e11c8e71b008b4b4f-480/hillary-clinton.jpg,Business Insider,http://www.businessinsider.com/fox-news-poll-hillary-clinton-won-debate-leads-trump-2016-9,1
89,hillary_clinton,89,89_hillary_clinton.jpg,http://www.telegraph.co.uk/content/dam/women/2016/10/17/111098647-clintonface-FEATURES-large_trans_NvBQzQNjv4BqDhV2K8uQsCbKQWf5axWl7ikz1ktAVp0Zd4rReKAdrQI.jpg,The Telegraph,http://www.telegraph.co.uk/women/life/face-analysis-how-hillary-clintons-resting-bh-face-could-be-sway/,1
90,hillary_clinton,90,90_hillary_clinton.jpg,https://i2.wp.com/moneynation.com/wp-content/uploads/2015/05/hillary-clinton-net-worth-facts.png,Money Nation,http://moneynation.com/hillary-clinton-net-worth/,1
91,hillary_clinton,91,91_hillary_clinton.jpg,https://www.minnpost.com/sites/default/files/imagecache/article_detail/images/articles/HillaryClintonSept2016Debate640.jpg,MinnPo,https://www.minnpost.com/politics-policy/2016/09/i-watched-first-presidential-debate-three-times-hillary-clinton-won,1
93,hillary_clinton,93,93_hillary_clinton.jpg,http://pixel.nymag.com/imgs/fashion/daily/2016/09/29/29-hillary-clinton-diet.w245.h368.2x.jpg,New York Magazine,http://nymag.com/thecut/2016/09/i-tried-hillary-clintons-diet-and-now-i-sympathize-with-her.html,1
94,hillary_clinton,94,94_hillary_clinton.jpg,http://hbz.h-cdn.co/assets/16/39/hbz-hillary-clinton-0926-getty.jpg,Harper\u0027s Bazaar,http://www.harpersbazaar.com/celebrity/red-carpet-dresses/news/g6036/hillary-clinton-campaign-fashion/,1
96,hillary_clinton,96,96_hillary_clinton.jpg,http://media.salon.com/2016/10/hillary_clinton_debate3_2-620x412.jpg,Salon,http://www.salon.com/2016/10/21/hillary-clinton-admitted-in-2013-that-a-no-fly-zone-would-kill-a-lot-of-syrians-but-still-wants-one/,1
97,hillary_clinton,97,97_hillary_clinton.jpg,https://i0.wp.com/www.middleeastmonitor.com/wp-content/uploads/images/article_images/people/hillary-clinton-2.jpg?resize\u003d1200%2C800\u0026quality\u003d75\u0026strip\u003dall\u0026ssl\u003d1,Middle East Monitor,https://www.middleeastmonitor.com/20160628-what-would-hillarys-middle-east-policy-look-like/,1
98,hillary_clinton,98,98_hillary_clinton.jpg,http://a.abcnews.com/images/Politics/ap_clinton_er_161023_31x13_1600.jpg,ABC News - Go.com,http://abcnews.go.com/Politics/fbi-director-investigation-hillary-clinton-emails-back/story?id\u003d43138105,1
99,hillary_clinton,99,99_hillary_clinton.jpg,http://static6.businessinsider.com/image/57e97e63077dcc1c008b848f-480/hillary-clinton.jpg,Business Insider,http://www.businessinsider.com/david-plouffe-hillary-clinton-debate-strategy-trump-2016-9,1
100,hillary_clinton,100,100_hillary_clinton.jpg,http://i2.cdn.cnn.com/cnnnext/dam/assets/160926222250-hillary-clinton-hofstra-5-large-169.jpg,CNN.com,http://www.cnn.com/2016/09/26/politics/presidential-debate-hillary-clinton-donald-trump/,1
101,hillary_clinton,101,101_hillary_clinton.jpg,http://cdn-assets.thepoliticalinsider.com/content/uploads/2016/09/Screen-Shot-2016-09-08-at-10.33.48-AM.png,The Political Insider,http://www.thepoliticalinsider.com/people-noticed-something-bizarre-hillary-clintons-head-see/,1
102,hillary_clinton,102,102_hillary_clinton.jpg,http://img.wennermedia.com/480-width/615701792_hillary-clinton-zoom-4a82bdf4-9b2c-40d3-b6d4-6aee950122ec.jpg,Us Weekly,http://www.usmagazine.com/celebrity-news/news/hillary-clinton-lost-the-election-but-may-win-popular-vote-w449047,1
103,hillary_clinton,103,103_hillary_clinton.jpg,http://i2.cdn.cnn.com/cnnnext/dam/assets/160910191751-hillary-clinton-chris-cuomo-sotu-intv-1-00012320-large-169.jpg,CNN.com,http://www.cnn.com/2016/09/11/politics/hillary-clinton-september-11/,1
104,hillary_clinton,104,104_hillary_clinton.jpg,http://www.telegraph.co.uk/content/dam/beauty/2016/04/06/hillary_clinton_getty-small_trans_NvBQzQNjv4BqYWNJspVvOUVBAuV2D2wK5ji-T4priTdNmLS_IH9bcaA.jpg,The Telegraph,http://www.telegraph.co.uk/beauty/hair/the-furore-over-hillary-clintons-600-hair-shows-that-female-poli/,1
105,hillary_clinton,105,105_hillary_clinton.jpg,http://static4.businessinsider.com/image/57deefa1b0ef97f0288b63f2-480/hillary-clinton.jpg,Business Insider,http://www.businessinsider.com/hillary-clinton-terror-attack-bombing-new-york-minneapolis-2016-9,1
106,hillary_clinton,106,106_hillary_clinton.jpg,http://www.nationalenquirer.com/wp-content/uploads/2016/09/hillary-clinton-health-brain-tumor-7.jpg,National Enquirer,http://www.nationalenquirer.com/photos/hillary-clinton-health-seizures-eye-movements-brain-tumor-video/,1
107,hillary_clinton,107,107_hillary_clinton.jpg,http://r.fod4.com/c\u003dsq/s\u003dw200,Funny Or Die,http://www.funnyordie.com/videos/b2fc974d1d/between-two-ferns-with-zach-galifianakis-hillary-clinton,1
108,hillary_clinton,108,108_hillary_clinton.jpg,http://www.motherjones.com/files/blog_hillary_benghazi_committee_caption_0.jpg,Mother Jone,http://www.motherjones.com/kevin-drum/2016/09/progressive-case-hillary-clinton-overwhelming,1
109,hillary_clinton,109,109_hillary_clinton.jpg,http://ei.marketwatch.com//Multimedia/2016/09/07/Photos/ZH/MW-EV446_clinto_20160907111341_ZH.jpg?uuid\u003da936eac0-750d-11e6-8a3d-00137241c023,MarketWatch,http://www.marketwatch.com/story/10-things-the-goldman-sachs-tapes-reveal-about-hillary-clinton-2016-10-19,1
112,hillary_clinton,112,112_hillary_clinton.jpg,http://www.aljazeera.com/mritems/Images/2016/10/28/1beedac946644c7f89316abb75d1d744_18.jpg,Al Jazeera,http://www.aljazeera.com/programmes/insidestory/2016/10/hillary-clinton-overcome-email-scandal-161029200154214.html,1
113,hillary_clinton,113,113_hillary_clinton.jpg,http://www.naturalnews.com/gallery/640/EditorialUse/Editorial-Use-Hillary-Clinton-Grimace.jpg,Natural New,http://www.naturalnews.com/Hillary_Clinton.html,1
115,hillary_clinton,115,115_hillary_clinton.jpg,http://static3.businessinsider.com/image/575622be9105844e018c72af-480/hillary-clinton-happy.jpg,Business Insider,http://www.businessinsider.com/hillary-clinton-campaign-trolls-trump-with-3-am-tweetstorm-2016-10,1
116,hillary_clinton,116,116_hillary_clinton.jpg,http://ichef.bbci.co.uk/news/660/cpsprodpb/15560/production/_91629378_gettyimages-512266778.jpg,BBC.com,http://www.bbc.com/news/election-us-2016-37595047,1
117,hillary_clinton,117,117_hillary_clinton.jpg,http://cdn.inquisitr.com/wp-content/uploads/2016/09/Hillary-Clinton-might-have-AIDS.jpg,The Inquisitr,http://www.inquisitr.com/3536699/does-hillary-clinton-have-aids/,1
118,hillary_clinton,118,118_hillary_clinton.jpg,https://media2.s-nbcnews.com/j/msnbc/components/video/201609/f_clinton_basket_deplorables_trump_160910.nbcnews-ux-1080-600.jpg,NBC New,http://www.nbcnews.com/politics/2016-election/hillary-clinton-half-trump-supporters-belong-basket-deplorables-n646026,1
119,hillary_clinton,119,119_hillary_clinton.jpg,http://media.breitbart.com/media/2016/10/Dont-Shoot-Hillary-Reuters-640x480.jpg,Breitbar,http://www.breitbart.com/2016-presidential-race/2016/10/11/wikileaks-hillary-clinton-is-still-against-gay-marriage/,1
120,hillary_clinton,120,120_hillary_clinton.jpg,http://cdn4.thr.com/sites/default/files/imagecache/landscape_928x523/2016/10/hillary_clinton_serious-_second_presidential_debate_-_getty_-_h_-_2016_0.jpg,Hollywood Reporter,http://www.hollywoodreporter.com/news/fox-news-apologizes-inaccurate-hillary-clinton-report-944370,1
122,hillary_clinton,122,122_hillary_clinton.jpg,http://www.miamiherald.com/opinion/op-ed/bhsrgd/picture108145742/ALTERNATES/FREE_640/AP_16146823150393,Miami Herald,http://www.miamiherald.com/opinion/editorials/article108145747.html,1
124,hillary_clinton,124,124_hillary_clinton.jpg,http://static2.businessinsider.com/image/58051196c52402b7248b4a67-480/hillary-clinton.jpg,Business Insider,http://www.businessinsider.com/hillary-clinton-monmouth-poll-2016-10,1
127,hillary_clinton,127,127_hillary_clinton.jpg,https://timedotcom.files.wordpress.com/2016/01/hillary-clinton4.jpg?w\u003d1100\u0026quality\u003d85,Time,http://time.com/4176273/hillary-clinton-tax-super-wealthy/,1
128,hillary_clinton,128,128_hillary_clinton.jpg,http://assets.nydailynews.com/polopoly_fs/1.2849394.1477683796!/img/httpImage/image.jpg_gen/derivatives/article_750/clinton-benghazi.jpg,New York Daily New,http://www.nydailynews.com/news/politics/anthony-weiner-sexts-lead-fbi-reopened-clinton-email-probe-article-1.2849177,1
129,hillary_clinton,129,129_hillary_clinton.jpg,http://fm.cnbc.com/applications/cnbc.com/resources/img/editorial/2015/09/21/103013242-GettyImages-488773802.240x240.jpg?v\u003d1474662419,CNBC.com,http://www.cnbc.com/hillary-clinton/,1
130,hillary_clinton,130,130_hillary_clinton.jpg,http://15130-presscdn-0-89.pagely.netdna-cdn.com/wp-content/uploads/2016/10/clinton-wins-third-debate.jpg,Politicus USA,http://www.politicususa.com/2016/12/10/october-hillary-clinton-told-71-6-million-viewers-russias-interference-election.html,1
131,hillary_clinton,131,131_hillary_clinton.jpg,https://pixel.nymag.com/imgs/fashion/daily/2016/05/11/11-hillary-clinton.w710.h473.jpg,New York Magazine,http://nymag.com/thecut/2016/05/hillary-clintons-child-care-plan-is-monumental.html,1
132,hillary_clinton,132,132_hillary_clinton.jpg,https://timedotcom.files.wordpress.com/2015/07/hillary-clinton-hair-makeup.jpg?w\u003d1100\u0026quality\u003d85,Time,http://time.com/3968470/hillary-clinton-jeb-bush-donors/,1
133,hillary_clinton,133,133_hillary_clinton.jpg,http://pixel.nymag.com/imgs/fashion/daily/2016/09/29/29-hillary-clinton-diet.w600.h315.2x.jpg,New York Magazine,http://nymag.com/thecut/2016/09/i-tried-hillary-clintons-diet-and-now-i-sympathize-with-her.html,1
135,hillary_clinton,135,135_hillary_clinton.jpg,https://timedotcom.files.wordpress.com/2015/11/hillary-clinton-foreign-policy-isis.jpg?quality\u003d85,Time,http://time.com/4120295/hillary-clinton-foreign-policy-isis/,1
136,hillary_clinton,136,136_hillary_clinton.jpg,https://static.independent.co.uk/s3fs-public/styles/article_small/public/thumbnails/image/2016/10/26/20/811553.jpg,The Independen,http://www.independent.co.uk/news/world/americas/us-elections/hillary-clinton-death-row-meme-the-breakfast-club-interview-a7382191.html,1
137,hillary_clinton,137,137_hillary_clinton.jpg,http://c10.nrostatic.com/sites/default/files/styles/original_image_with_cropping/public/uploaded/hillary-clinton-basket-deplorables-maligns-americans.jpg?itok\u003dLQ8jpt5Q,National Review,http://www.nationalreview.com/article/439969/hillary-clintons-basket-deplorables-trump-supporter-comments-malign-americans,1
140,hillary_clinton,140,140_hillary_clinton.jpg,http://i0.wp.com/radaronline.com/wp-content/uploads/2016/07/hillary-clinton-health-troubles-email-leak-details-05.jpg?fit\u003d700%2C700,Radar Online,http://radaronline.com/photos/hillary-clinton-health-troubles-email-leak-details/,1
141,hillary_clinton,141,141_hillary_clinton.jpg,http://hbz.h-cdn.co/assets/16/43/980x490/landscape-1477322532-hbz-hillary-clinton-1023-getty-index.jpg,Harper\u0027s Bazaar,http://www.harpersbazaar.com/celebrity/red-carpet-dresses/news/g6036/hillary-clinton-campaign-fashion/,1
142,hillary_clinton,142,142_hillary_clinton.jpg,http://pixel.nymag.com/imgs/fashion/daily/2016/10/17/17-clinton.w710.h473.jpg,New York Magazine,http://nymag.com/thecut/2016/10/letter-to-the-editor-worries-about-hillary-clintons-period.html,1
143,hillary_clinton,143,143_hillary_clinton.jpg,http://static01.mediaite.com/med/wp-content/uploads/2016/09/Clinton-7-e1474566318260-1-300x197.jpg,Mediaite,http://www.mediaite.com/online/hillary-clinton-awkwardly-shouts-her-way-through-speech-why-arent-i-50-points-ahead/,1
144,hillary_clinton,144,144_hillary_clinton.jpg,https://www.desmogblog.com/sites/beta.desmogblog.com/files/styles/full_width_blog_image/public/blogimages/hillary%20clinton_0.jpg?itok\u003dk5I6olfm,DeSmogBlog,https://www.desmogblog.com/2016/09/07/hillary-clinton-raking-fossil-fuel-money-alarming-rate,1
146,hillary_clinton,146,146_hillary_clinton.jpg,https://pmcdeadline2.files.wordpress.com/2016/10/hillary-clinton-debate-3.jpg,Deadline,http://deadline.com/tag/hillary-clinton/,1
148,hillary_clinton,148,148_hillary_clinton.jpg,http://a57.foxnews.com/images.foxnews.com/content/fox-news/politics/2016/09/11/hillary-clinton-has-medical-episode-at-911-ceremony-source-says/_jcr_content/article-text/article-par-1/images/image.img.jpg/880/558/1473606747742.jpg?ve\u003d1\u0026tl\u003d1,Fox New,http://www.foxnews.com/politics/2016/09/11/hillary-clinton-has-medical-episode-at-911-ceremony-source-says.html,1
149,hillary_clinton,149,149_hillary_clinton.jpg,http://a57.foxnews.com/media2.foxnews.com/BrightCove/694940094001/2016/10/26/0/0/694940094001_5186039440001_Wikileaks-revelations-continue-to-dog-Hillary-Clinton.jpg?ve\u003d1,Fox New,http://www.foxnews.com/opinion/2016/10/25/gregg-jarrett-perpetual-cloud-dirt-and-scandal-that-hovers-over-hillary-clinton.html,1
150,hillary_clinton,150,150_hillary_clinton.jpg,http://i1.wp.com/radaronline.com/wp-content/uploads/2016/07/hillary-clinton-health-troubles-email-leak-details-07.jpg?fit\u003d700%2C700,Radar Online,http://radaronline.com/photos/hillary-clinton-health-troubles-email-leak-details/,1
151,hillary_clinton,151,151_hillary_clinton.jpg,http://pixel.nymag.com/imgs/daily/intelligencer/2015/04/10/10-hillary-clinton.w710.h473.jpg,New York Magazine,http://nymag.com/daily/intelligencer/2015/04/why-hillary-clinton-is-probably-going-to-win.html,1
153,hillary_clinton,153,153_hillary_clinton.jpg,https://m.hrc.onl/secretary/05-feed/04-sept/16-isis-update/hrc-plan-isis-feed-cover-700x467.jpg,Hillary for America,https://www.hillaryclinton.com/feed/hillary-clinton-has-real-plan-defeat-isis-and-prevent-another-attack-brussels-heres-how/,1
155,hillary_clinton,155,155_hillary_clinton.jpg,https://peopledotcom.files.wordpress.com/2016/08/hillary-kimmel-435.jpg?w\u003d435,People,http://people.com/celebrity/hillary-clinton-talks-being-a-grandmother-and-date-nights-with-bill/,1
157,hillary_clinton,157,157_hillary_clinton.jpg,http://twt-thumbs.washtimes.com/media/image/2016/09/27/Campaign_2016_Clinton.JPEG-77b48_c0-0-3692-2152_s885x516.jpg?6fb6e9f4f102893be1276be32a3caa6e1d50286a,Washington Time,http://www.washingtontimes.com/news/2016/sep/27/hillary-clinton-reels-in-cash-from-international-f/,1
158,hillary_clinton,158,158_hillary_clinton.jpg,https://upload.wikimedia.org/wikipedia/commons/thumb/5/50/Hillary_Clinton_(24266530879).jpg/1200px-Hillary_Clinton_(24266530879).jpg,Wikipedia,https://en.wikipedia.org/wiki/Political_positions_of_Hillary_Clinton,1
159,hillary_clinton,159,159_hillary_clinton.jpg,https://m.elitestatic.com/m/0f9f16b17c960816/800x400-hillary-clinton-plane-thumbs-up.jpg,Elite Daily,http://elitedaily.com/tag/hillary-clinton/,1
160,hillary_clinton,160,160_hillary_clinton.jpg,http://www.thewrap.com/wp-content/uploads/2016/10/HillaryClinton-8.jpg,TheWrap,http://www.thewrap.com/hillary-clinton-slices-michael-flynn-with-pizzagate-burn/,1
161,hillary_clinton,161,161_hillary_clinton.jpg,http://c2.nrostatic.com/sites/default/files/styles/original_image_with_cropping/public/uploaded/hillary-clinton-health-brain-injury-excuse.jpg?itok\u003dduxhCYnE,National Review,http://www.nationalreview.com/article/439733/hillary-clinton-health-brain-injury-excuses-email-memory-lapse,1
162,hillary_clinton,162,162_hillary_clinton.jpg,http://radaronline.com/wp-content/uploads/2016/06/hillary-clinton-desperate-plan-exploit-trump-exposed-leak.jpg,Radar Online,http://radaronline.com/photos/hillary-clinton-email-leak-donald-trump/,1
163,hillary_clinton,163,163_hillary_clinton.jpg,http://i0.wp.com/radaronline.com/wp-content/uploads/2016/09/hillary-clinton-health-physician-releases-statement-pp.jpg?resize\u003d540%2C400,Radar Online,http://radaronline.com/exclusives/2016/09/hillary-clinton-health-physician-releases-statement/,1
164,hillary_clinton,164,164_hillary_clinton.jpg,http://www.telegraph.co.uk/content/dam/news/2016/08/19/Hillary_Clinton-large_trans_NvBQzQNjv4BqpJliwavx4coWFCaEkEsb3kvxIt-lGGWCWqwLa_RXJU8.jpg,The Telegraph,http://www.telegraph.co.uk/news/2016/09/02/hillary-clinton-those-emails-and-the-whiff-of-scandal-that-wont/,1
166,hillary_clinton,166,166_hillary_clinton.jpg,http://i1.wp.com/peopledotcom.files.wordpress.com/2016/10/hillary-clinton-news.jpg?crop\u003d0px%2C0px%2C2000px%2C1333px\u0026resize\u003d2000%2C1333\u0026ssl\u003d1,People,http://people.com/style/reebok-hillary-clinton-pantsuits/,1
167,hillary_clinton,167,167_hillary_clinton.jpg,https://d3jkudlc7u70kh.cloudfront.net/hillary-clinton-facts.jpg,Fact Retriever,https://www.factretriever.com/hillary-clinton-facts,1
168,hillary_clinton,168,168_hillary_clinton.jpg,http://media.washtimes.com.s3.amazonaws.com/media/image/2016/10/10/HillaryClinton.jpg,Washington Time,http://www.washingtontimes.com/news/2016/oct/12/hillary-clintons-forgotten-foreign-aid-fiascos/,1
169,hillary_clinton,169,169_hillary_clinton.jpg,http://www.denverpost.com/wp-content/uploads/2016/09/hillary-clinton-first-debate.jpg,The Denver Po,http://www.denverpost.com/2016/09/26/in-first-debate-hillary-clinton-offers-a-clear-difference/,1
170,hillary_clinton,170,170_hillary_clinton.jpg,http://www.slate.com/content/dam/slate/blogs/moneybox/2016/10/07/wikileaks_releases_excerpts_of_hillary_clinton_s_wall_street_speeches/610602418-democratic-nominee-hillary-clinton-speaks-during-the.jpg.CROP.promo-xlarge2.jpg,Slate,http://www.slate.com/blogs/moneybox/2016/10/07/wikileaks_releases_excerpts_of_hillary_clinton_s_wall_street_speeches.html,1
171,hillary_clinton,171,171_hillary_clinton.jpg,http://bloximages.newyork1.vip.townnews.com/postandcourier.com/content/tncms/assets/v3/editorial/3/93/393756f8-eb0f-56d0-9a2c-07b71cc939c3/58051d16d6572.image.jpg?resize\u003d1200%2C853,Post and Courier,http://www.postandcourier.com/politics/hillary-clinton-continues-to-make-case-to-black-voters-during/article_b91ca07d-dbe4-50a3-b1a3-083197ffa5c3.html,1
173,hillary_clinton,173,173_hillary_clinton.jpg,http://www.trbimg.com/img-57e322e9/turbine/la-pol-clinton-rally-20160921,Los Angeles Time,http://www.latimes.com/nation/politics/trailguide/la-na-trailguide-updates-clinton-trump-1474497307-htmlstory.html,1
174,hillary_clinton,174,174_hillary_clinton.jpg,http://media.breitbart.com/media/2016/09/old-bag-hillary.png,Breitbar,http://www.breitbart.com/london/2016/09/25/nigel-farage-hillary-clinton-twentieth-century-candidate/,1
176,hillary_clinton,176,176_hillary_clinton.jpg,http://i.dailymail.co.uk/i/pix/2016/10/08/11/392BCD6100000578-0-image-m-21_1475921855128.jpg,Daily Mail,http://www.dailymail.co.uk/news/article-3828255/Barmy-brilliant-Brave-woman-bets-500-000-euros-Hillary-Clinton-win-presidential-race-political-wager.html,1
177,hillary_clinton,177,177_hillary_clinton.jpg,http://s1.ibtimes.com/sites/www.ibtimes.com/files/styles/lg/public/2015/04/12/hillary-clinton.jpg,International Business Time,http://www.ibtimes.com/hillary-clinton-cisco-china-company-funded-foundation-was-lauded-clinton-despite-role-1884160,1
178,hillary_clinton,178,178_hillary_clinton.jpg,http://twt-thumbs.washtimes.com/media/image/2016/10/13/HRC_c0-65-3809-2285_s885x516.jpg?ce6490b74f4ba13a6500398f70deb38f77054bcf,Washington Time,http://www.washingtontimes.com/news/2016/oct/13/hillary-clinton-admits-she-didnt-have-permission-s/,1
179,hillary_clinton,179,179_hillary_clinton.jpg,https://pmcdeadline2.files.wordpress.com/2016/09/hillary-clinton-sept-30-2.jpg?w\u003d446\u0026h\u003d299\u0026crop\u003d1,Deadline,http://deadline.com/2016/09/hillary-clinton-fundraiser-julia-roberts-lin-manuel-miranda-new-york-1201829269/,1
180,hillary_clinton,180,180_hillary_clinton.jpg,https://img.washingtonpost.com/rf/image_480w/2010-2019/WashingtonPost/2016/10/06/Local-Enterprise/Images/AFP_GW03F-0502.jpg?uuid\u003d3JTWTIwGEeaHXiwb_pQ7Zg,Washington Po,https://www.washingtonpost.com/local/hillary-clinton-is-a-68-year-old-woman-and-plenty-of-people-hate-her-for-it/2016/10/06/fac46ee8-8bd9-11e6-bf8a-3d26847eeed4_story.html,1
182,hillary_clinton,182,182_hillary_clinton.jpg,http://s.newsweek.com/sites/www.newsweek.com/files/2016/09/28/hillary-clinton.jpg,Newsweek,http://www.newsweek.com/hillary-clinton-emails-fbi-comey-donald-trump-anthony-weiner-huma-abedin-514918,1
183,hillary_clinton,183,183_hillary_clinton.jpg,https://static01.nyt.com/images/2016/09/05/opinion/05krugmanWeb/05krugmanWeb-master768.jpg,The New York Time,https://www.nytimes.com/2016/09/05/opinion/hillary-clinton-gets-gored.html,1
185,hillary_clinton,185,185_hillary_clinton.jpg,https://static01.nyt.com/images/2016/09/27/us/27debate-jp2/27debate-jp2-master675.jpg,The New York Time,https://www.nytimes.com/2016/09/27/us/politics/presidential-debate.html,1
186,hillary_clinton,186,186_hillary_clinton.jpg,https://usatcollege.files.wordpress.com/2016/10/hillary-clinton-ohio-1.jpg?w\u003d1000,USA TODAY College,http://college.usatoday.com/2016/10/11/hillary-clinton-ohio-state/,1
187,hillary_clinton,187,187_hillary_clinton.jpg,http://twt-thumbs.washtimes.com/media/image/2016/09/29/Campaign_2016_Clinton.JPEG-09b6a_c0-111-4981-3015_s885x516.jpg?3c0134f841a7a5d52de57ca33d7971eb66db301b,Washington Time,http://www.washingtontimes.com/news/2016/sep/30/hillary-clinton-proposes-national-service-reserve/,1
188,hillary_clinton,188,188_hillary_clinton.jpg,http://api.theweek.com/sites/default/files/styles/tw_image_9_4/public/HillaryHealth_GettyImages-602410392.jpg?itok\u003d_m2ezC6r\u0026resize\u003d1260x560,The Week,http://theweek.com/articles/648141/why-did-hillary-clinton-lie-about-health,1
194,hillary_clinton,194,194_hillary_clinton.jpg,http://i0.wp.com/www.nationalenquirer.com/wp-content/uploads/2016/08/hillary-clinton-health-illness-balance-ms-10.jpg?fit\u003d700%2C700,National Enquirer,http://www.nationalenquirer.com/photos/hillary-clinton-health-secrets-crisis-ms-stroke-claims/,1
195,hillary_clinton,195,195_hillary_clinton.jpg,http://media.gettyimages.com/photos/democratic-presidential-nominee-hillary-clinton-gives-two-thumbs-up-picture-id584447694?s\u003d594x594,Getty Image,http://www.gettyimages.com/photos/hillary-clinton,1
196,hillary_clinton,196,196_hillary_clinton.jpg,http://twt-thumbs.washtimes.com/media/image/2016/09/26/Campaign_2016_Debate.JPEG-372ca_c0-197-3102-2005_s885x516.jpg?707ae6927a847b1200b59602fe59804e70e086cb,Washington Time,http://www.washingtontimes.com/news/2016/sep/26/hillary-clinton-calls-us-racist-debate/,1
197,hillary_clinton,197,197_hillary_clinton.jpg,https://timedotcom.files.wordpress.com/2015/11/clinton-debate2.jpg?w\u003d1100\u0026quality\u003d85,Time,http://time.com/4128624/hillary-clinton-climate-change/,1
198,hillary_clinton,198,198_hillary_clinton.jpg,https://clinton.media.mit.edu/static/images/Hillary%20Clinton.png,ClintonCircle,https://clinton.media.mit.edu/clinton,1
199,hillary_clinton,199,199_hillary_clinton.jpg,http://radaronline.com/wp-content/uploads/2015/07/hillary-clinton-makeup-mistakes-bad-hair-22.jpg,Radar Online,http://radaronline.com/photos/hillary-clinton-makeup-hair-malfunctions-photos-presidential-candidate-getting-ready-daily-challenge/,1
200,hillary_clinton,200,200_hillary_clinton.jpg,https://peopledotcom.files.wordpress.com/2016/08/hillary-clinton-2-600-1.jpg?w\u003d600\u0026h\u003d600,People,http://people.com/celebrity/inside-hillary-clintons-vogue-photo-shoot-with-mario-testino/,1
202,hillary_clinton,202,202_hillary_clinton.jpg,http://twt-thumbs.washtimes.com/media/image/2016/10/27/HillaryClinton_c0-158-2997-1905_s885x516.jpg?c044ef5e39215a3f722c7a0a26d84533839b5956,Washington Time,http://www.washingtontimes.com/news/2016/oct/27/hillary-clinton-scandals-fbi-politicization-date-b/,1
203,hillary_clinton,203,203_hillary_clinton.jpg,http://cdn.inquisitr.com/wp-content/uploads/2016/09/Hillary-Clinton-AP_16258748922072-940x545.jpg,The Inquisitr,http://www.inquisitr.com/3511415/hillary-clinton-has-a-serious-neurological-disorder-fired-huffington-post-writer-claims/,1
208,hillary_clinton,208,208_hillary_clinton.jpg,https://hw.infowars.com/wp-content/uploads/2016/09/hillary-clinton-hand-signals-debate.jpg,Infowar,https://www.infowars.com/watch-did-hillary-clinton-give-hand-signals-to-debate-moderator-lester-holt/,1
209,hillary_clinton,209,209_hillary_clinton.jpg,http://ichef.bbci.co.uk/news/660/cpsprodpb/81D4/production/_91163233_gettyimages-602349060.jpg,BBC.com,http://www.bbc.com/news/election-us-2016-37336943,1
210,hillary_clinton,210,210_hillary_clinton.jpg,https://static01.nyt.com/images/2016/09/27/opinion/27northWEB/27northWEB-blog480.jpg,Taking Note - The New York Time,https://takingnote.blogs.nytimes.com/2016/09/27/the-power-of-hillary-clintons-throwback-photos/,1
212,hillary_clinton,212,212_hillary_clinton.jpg,http://cdn.yalerecord.org/wp-content/uploads/2016/10/27023450/majestic-clinton-x.jpg,The Yale Record,http://yalerecord.org/2016/10/26/the-yale-record-does-not-endorse-hillary-clinton/,1
214,hillary_clinton,214,214_hillary_clinton.jpg,http://media.boingboing.net/wp-content/uploads/2016/10/th-hillary-clinton1.jpg,Boing Boing,http://boingboing.net/tag/hillary-clinton,1
215,hillary_clinton,215,215_hillary_clinton.jpg,http://www.slate.com/content/dam/slate/blogs/xx_factor/2016/09/08/hillary_clinton_shamelessly_panders_to_elena_ferrante_fans/451638002-former-us-secretary-of-state-hillary-clinton-signs.jpg.CROP.promo-xlarge2.jpg,Slate,http://www.slate.com/blogs/xx_factor/2016/09/08/hillary_clinton_shamelessly_panders_to_elena_ferrante_fans.html,1
219,hillary_clinton,219,219_hillary_clinton.jpg,http://media.npr.org/assets/img/2016/09/10/gettyimages-601727086_wide-ee68a2fc4782ffd868f6bdd63b711931a3d2bfdf-s900-c85.jpg,NPR,http://www.npr.org/2016/09/10/493427601/hillary-clintons-basket-of-deplorables-in-full-context-of-this-ugly-campaign,1
226,hillary_clinton,226,226_hillary_clinton.jpg,http://i.dailymail.co.uk/i/pix/2016/10/19/22/3986D53800000578-3852998-image-a-42_1476911724382.jpg,Daily Mail,http://www.dailymail.co.uk/news/article-3852998/Karma-b-Clinton-bodyguard-tells-hated-LAUGHED-broke-elbow-tried-blame-fall.html,1
227,hillary_clinton,227,227_hillary_clinton.jpg,http://hbz.h-cdn.co/assets/16/41/480x720/hbz-hillary-clinton-1009-getty1.jpg,Harper\u0027s Bazaar,http://www.harpersbazaar.com/celebrity/red-carpet-dresses/news/g6036/hillary-clinton-campaign-fashion/,1
228,hillary_clinton,228,228_hillary_clinton.jpg,https://i1.wp.com/thefederalist.com/wp-content/uploads/2016/05/shutterstock_399470149.jpg?resize\u003d350%2C200,The Federali,http://thefederalist.com/2016/08/30/colin-kaepernick-just-went-beastmode-hillary-clinton/,1
229,hillary_clinton,229,229_hillary_clinton.jpg,http://content.newsinc.com/jpg/415/31525721/45145776.jpg?t\u003d1476797340,New York Daily New,http://www.nydailynews.com/news/politics/hillary-clinton-campaign-considered-bill-melinda-gates-vp-article-1.2834940,1
230,hillary_clinton,230,230_hillary_clinton.jpg,https://media4.s-nbcnews.com/j/msnbc/components/video/201609/2016-09-13t11-03-10-133z--1280x720.nbcnews-ux-1080-600.jpg,NBC New,http://www.nbcnews.com/politics/2016-election/hillary-clinton-suffered-similar-illness-after-working-demon-bill-n647286,1
233,hillary_clinton,233,233_hillary_clinton.jpg,http://i.huffpost.com/gen/4682898/images/o-HILLARY-CLINTON-facebook.jpg,The Huffington Po,http://www.huffingtonpost.com/larry-womack/stop-pretending-you-dont-_b_12191766.html,1
234,hillary_clinton,234,234_hillary_clinton.jpg,https://i0.wp.com/thefederalist.com/wp-content/uploads/2016/05/Screen-Shot-2016-05-18-at-4.53.26-PM.png?resize\u003d350%2C200,The Federali,http://thefederalist.com/2016/02/04/watch-hillary-clinton-fall-apart-when-asked-about-taking-wall-street-money/,1
236,hillary_clinton,236,236_hillary_clinton.jpg,https://c.o0bg.com/rf/image_960w/Boston/2011-2020/2016/10/06/BostonGlobe.com/EditorialOpinion/Images/2016-10-02T173133Z_1493245996_S1BEUERSAFAA_RTRMADP_3_USA-ELECTION-CLINTON.jpg,The Boston Globe,https://www.bostonglobe.com/opinion/editorials/2016/10/08/hillary-clinton-for-president/FskxtCff9ErrN3TW4OJb6O/story.html,1
237,hillary_clinton,237,237_hillary_clinton.jpg,http://media.gettyimages.com/photos/democratic-presidential-candidate-hillary-clinton-speaks-to-members-picture-id501326172?s\u003d594x594,Getty Image,http://www.gettyimages.com/photos/hillary-clinton,1
238,hillary_clinton,238,238_hillary_clinton.jpg,http://static1.businessinsider.com/image/57f828e39bd9789b018b5b97-480/hillary-clinton.jpg,Business Insider,http://www.businessinsider.com/wikileaks-hillary-clinton-private-speeches-released-2016-10,1
239,hillary_clinton,239,239_hillary_clinton.jpg,https://i1.wp.com/thefederalist.com/wp-content/uploads/2015/08/459271450_0ccb8679a1_b.jpg?resize\u003d350%2C200,The Federali,http://thefederalist.com/2016/07/18/former-navy-seal-hillary-clinton-killed-my-friends-in-benghazi/,1
240,hillary_clinton,240,240_hillary_clinton.jpg,http://www.trbimg.com/img-5787d4b1/turbine/la-1468519843-snap-photo/650/650x366,Los Angeles Time,http://www.latimes.com/politics/la-na-pol-clinton-vp-prospects-20160714-snap-htmlstory.html,1
241,hillary_clinton,241,241_hillary_clinton.jpg,http://s.marketwatch.com/public/resources/MWimages/MW-EV830_clinto_MG_20160913133738.jpg,MarketWatch,http://www.marketwatch.com/story/hillary-clinton-set-to-win-popular-vote-even-as-shes-lost-the-presidency-2016-11-09,1
243,hillary_clinton,243,243_hillary_clinton.jpg,https://www.thesun.co.uk/wp-content/uploads/2016/09/nintchdbpict000266361712.jpg?w\u003d640\u0026strip\u003dall,The Sun,https://www.thesun.co.uk/news/1776028/teresa-barnwell-hillary-clinton-body-double/,1
244,hillary_clinton,244,244_hillary_clinton.jpg,http://fm.cnbc.com/applications/cnbc.com/resources/img/editorial/2016/09/27/103971699-BL-0927-MARKETS.600x400.jpg?v\u003d1474977660,CNBC.com,http://www.cnbc.com/2016/09/26/markets-call-hillary-clinton-as-winner-for-first-debate.html,1
245,hillary_clinton,245,245_hillary_clinton.jpg,http://twt-thumbs.washtimes.com/media/image/2016/10/04/Campaign_2016_Clinton.JPEG-07d1f_c0-0-5379-3136_s885x516.jpg?22ca2961f0ba6c38a12b908ffad8415fb72e440f,Washington Time,http://www.washingtontimes.com/news/2016/oct/8/hillary-clinton-dreams-open-borders-leaked-speech-/,1
246,hillary_clinton,246,246_hillary_clinton.jpg,https://media1.britannica.com/eb-media/93/191093-049-8BA6FEE5.jpg,Encyclopedia Britannica,https://www.britannica.com/biography/Hillary-Rodham-Clinton,1
249,hillary_clinton,249,249_hillary_clinton.jpg,https://news-images.vice.com/images/articles/meta/2016/10/08/untitled-article-1475948605.jpg?crop\u003d1xw:0.49169435215946844xh;0xw,VICE New,https://news.vice.com/article/hillary-clinton-told-wall-street-shes-kind-of-far-removed-from-the-middle-class,1
250,hillary_clinton,250,250_hillary_clinton.jpg,http://www.telegraph.co.uk/content/dam/technology/2016/03/07/hillary_3232486b-large_trans_NvBQzQNjv4BqpJliwavx4coWFCaEkEsb3kvxIt-lGGWCWqwLa_RXJU8.jpg,The Telegraph,http://www.telegraph.co.uk/technology/2016/05/05/hacker-reveals-how-he-read-hillary-clintons-emails/,1
251,hillary_clinton,251,251_hillary_clinton.jpg,http://www.larslarson.com/wp-content/uploads/2016/09/Hillary_Clinton_File-585x390.jpg,Lars Larson,http://www.larslarson.com/tag/hillary-clinton/,1
254,hillary_clinton,254,254_hillary_clinton.jpg,https://cdn20.patchcdn.com/users/22859473/20161026/032235/styles/T600x450/public/article_images/30453475462_d9b7a392e7_o-1477509716-264.jpg,Patch,http://patch.com/new-york/midtown-nyc/hillary-clinton-will-spend-election-night-manhattan-report,1
255,hillary_clinton,255,255_hillary_clinton.jpg,http://static2.businessinsider.com/image/57e1ca12077dcc3d018b71ee-2400/gettyimages-454651956.jpg,Business Insider,http://www.businessinsider.com/hillary-clinton-environment-climate-change-platforms-policies-plans-2016-10,1
257,hillary_clinton,257,257_hillary_clinton.jpg,http://media.gettyimages.com/photos/democratic-presidential-candidate-hillary-clinton-speaks-during-a-picture-id618600764?s\u003d594x594,Getty Image,http://www.gettyimages.com/photos/hillary-clinton,1
259,hillary_clinton,259,259_hillary_clinton.jpg,https://static.independent.co.uk/s3fs-public/styles/article_small/public/thumbnails/image/2016/10/10/03/gettyimages-540425638.jpg,The Independen,http://www.independent.co.uk/news/world/politics/hillary-clinton-emails-leak-wikileaks-saudi-arabia-qatar-isis-podesta-latest-a7355466.html,1
262,hillary_clinton,262,262_hillary_clinton.jpg,http://i2.cdn.cnn.com/cnnnext/dam/assets/160907063254-hillary-clinton-august-25-2016-exlarge-169.jpg,CNN.com,http://www.cnn.com/2016/09/06/health/cough-cold-explainer/,1
264,hillary_clinton,264,264_hillary_clinton.jpg,http://www.advocate.com/sites/advocate.com/files/2016/09/15/hillary-clinton-x750_0.jpg,The Advocate,http://www.advocate.com/election/2016/9/15/hillary-clinton-says-shes-feeling-better-excited-about-madam-secretary,1
265,hillary_clinton,265,265_hillary_clinton.jpg,http://i2.cdn.turner.com/money/dam/assets/160908111350-hillary-clinton-speech-westchester-780x439.jpg,CNN Money,http://money.cnn.com/2016/10/12/investing/drug-stocks-health-care-hillary-clinton/,1
266,hillary_clinton,266,266_hillary_clinton.jpg,https://thumbs.mic.com/MjM2YjgyNDFjZSMvSTF4NGNFZ3ExeEttZTlXYmU1OGswQnN3VGNzPS80eDQzMjo1NDY4eDMyMTYvMTI4MHg2MjAvZmlsdGVyczpxdWFsaXR5KDc1KS9odHRwczovL3MzLmFtYXpvbmF3cy5jb20vcG9saWN5bWljLWltYWdlcy8zcDhkcGE4cjFzZnoxc3pvZXpjdWtpcHhtemcydmJwcGllbWQ0aTl0azJia2cyenF6Y2M0Z3oxNTVyMnhlZ3JwLmpwZw.jpg,Mic,https://mic.com/articles/156324/hillary-clinton-didn-t-wear-american-flag-pin-to-the-debate-and-twitter-dragged-he,1
268,hillary_clinton,268,268_hillary_clinton.jpg,http://static01.mediaite.com/med/wp-content/uploads/2016/10/clinton-e1464824215813-1-300x197.jpg,Mediaite,http://www.mediaite.com/online/hillary-clinton-privately-acknowledged-she-stepped-in-it-after-deplorables-comment/,1
269,hillary_clinton,269,269_hillary_clinton.jpg,https://pmchollywoodlife.files.wordpress.com/2016/10/hillary-clinton-third-debate-lead1.jpg?w\u003d600,Hollywood Life,http://hollywoodlife.com/2016/10/19/hillary-clinton-outfit-third-debate-white-pantsuit-pics/,1
270,hillary_clinton,270,270_hillary_clinton.jpg,http://www.advocate.com/sites/advocate.com/files/2016/09/08/clinton-750x563_0.jpg,The Advocate,http://www.advocate.com/politics/2016/9/08/hillary-clinton-talks-about-being-nearly-only-woman-room-video,1
271,hillary_clinton,271,271_hillary_clinton.jpg,https://qzprod.files.wordpress.com/2016/09/rtspkcl.jpg?quality\u003d80\u0026strip\u003dall,Quartz,https://qz.com/795906/election-2016-i-wrote-that-i-despised-hillary-clinton-today-i-want-to-publicly-take-it-back/,1
273,hillary_clinton,273,273_hillary_clinton.jpg,http://cbsnews3.cbsistatic.com/hub/i/r/2016/10/21/365eca47-87c0-420d-9610-a580f9bbebeb/resize/620x/2363b2a65fff4ea987a53d2b97f9f734/hillary-clinton-al-smith-dinner-2016-10-20.jpg,CBS New,http://www.cbsnews.com/news/hillary-clinton-donald-trump-try-awkward-humor-at-al-smith-dinner/,1
274,hillary_clinton,274,274_hillary_clinton.jpg,http://ichef.bbci.co.uk/news/624/cpsprodpb/14277/production/_90715528_034556828-1.jpg,BBC.com,http://www.bbc.com/news/magazine-36992955,1
276,hillary_clinton,276,276_hillary_clinton.jpg,http://img.wennermedia.com/square-400/hillary-clinton-99d8ed7b-10c5-40dc-b8b9-884af36d5a21.jpg,Us Weekly,http://www.usmagazine.com/celebrity-news/news/hillary-clinton-says-future-is-female-in-post-inauguration-video-w465444,1
282,hillary_clinton,282,282_hillary_clinton.jpg,http://s.newsweek.com/sites/www.newsweek.com/files/styles/full/public/2015/08/13/hillaryclintonemails.jpg,Newsweek,http://www.newsweek.com/hillary-clinton-email-private-server-top-secret-362822,1
283,hillary_clinton,283,283_hillary_clinton.jpg,http://cdn-img.instyle.com/sites/default/files/styles/276x276/public/images/2015/06/061715-hillary-clinton-pantsuits-13.jpg?itok\u003dZFUL-eq5,InStyle,http://www.instyle.com/celebrity/hillary-clintons-colorful-pantsuits,1
285,hillary_clinton,285,285_hillary_clinton.jpg,https://media2.wnyc.org/i/800/0/c/80/1/clinton911_Jmrae6B.jpg,WNYC,http://www.wnyc.org/story/clinton-9-11/,1
287,hillary_clinton,287,287_hillary_clinton.jpg,https://timedotcom.files.wordpress.com/2015/11/hillary-clinton-gun-control.jpg?quality\u003d85,Time,http://time.com/4101947/hillary-clinton-guns-democrats/,1
290,hillary_clinton,290,290_hillary_clinton.jpg,https://static01.nyt.com/images/2016/10/16/magazine/16clinton1/16clinton1-articleLarge-v4.jpg,The New York Time,https://www.nytimes.com/2016/10/16/magazine/hillary-clinton-campaign-final-weeks.html,1
291,hillary_clinton,291,291_hillary_clinton.jpg,http://static01.mediaite.com/med/wp-content/uploads/2016/10/clinton-1-300x197.jpg,Mediaite,http://www.mediaite.com/election-2016/poll-huge-majority-believe-media-is-biased-in-favor-of-hillary-clinton/,1
292,hillary_clinton,292,292_hillary_clinton.jpg,http://static1.businessinsider.com/image/5810faee362ca425008b50a9-1190-625/hillary-clinton-this-is-not-who-we-are.jpg,Business Insider,http://www.businessinsider.com/hillary-clinton-on-trump-immigration-ban-not-who-we-are-2017-1,1
295,hillary_clinton,295,295_hillary_clinton.jpg,http://www.trbimg.com/img-57cf1dc3/turbine/la-na-hillary-clinton-20160906/600,Los Angeles Time,http://www.latimes.com/nation/politics/trailguide/la-na-trailguide-updates-hillary-clinton-says-she-won-t-go-to-1473162791-htmlstory.html,1
296,hillary_clinton,296,296_hillary_clinton.jpg,http://a.abcnews.com/images/Politics/161020_vod_orig_final_debate_fact_check_MIX_16x9_1600.jpg,ABC News - Go.com,http://abcnews.go.com/Politics/presidential-debate-fact-check-donald-trump-hillary-clinton/story?id\u003d42906344,1
297,hillary_clinton,297,297_hillary_clinton.jpg,http://i.dailymail.co.uk/i/pix/2016/09/23/22/38B203A100000578-3804130-image-a-38_1474664609239.jpg,Daily Mail,http://www.dailymail.co.uk/news/article-3804130/Does-Clinton-limited-blood-flow-brain-Doctor-suggests-apparent-eye-problems-fainting-result-fall-2012.html,1
298,hillary_clinton,298,298_hillary_clinton.jpg,https://img.washingtonpost.com/wp-apps/imrs.php?src\u003dhttps://img.washingtonpost.com/rf/image_960w/2010-2019/WashingtonPost/2016/10/14/Editorial-Opinion/Images/2016-10-14T223842Z_01_LUC19_RTRIDSP_3_USA-ELECTION-CLINTON.jpg?json\u003dtrue\u0026w\u003d480,Washington Po,https://www.washingtonpost.com/posteverything/wp/2016/10/17/i-read-hillary-clintons-speeches-to-goldman-sachs-heres-what-surprised-me-the-most/,1
299,hillary_clinton,299,299_hillary_clinton.jpg,https://img.washingtonpost.com/wp-apps/imrs.php?src\u003dhttps://img.washingtonpost.com/rf/image_960w/2010-2019/Wires/Images/2016-07-14/Reuters/2016-07-14T162356Z_01_CB103_RTRIDSP_3_USA-ELECTION-CLINTON.jpg\u0026w\u003d480,Washington Po,https://www.washingtonpost.com/news/the-fix/wp/2016/07/25/clinton-says-theres-a-hillary-standard-and-a-different-standard-for-everyone-else-bad-idea/,1
300,hillary_clinton,300,300_hillary_clinton.jpg,http://www.nationalenquirer.com/wp-content/uploads/2016/09/hillary-clinton-health-secrets-coverup-4.jpg,National Enquirer,http://www.nationalenquirer.com/photos/hillary-clinton-health-secrets-concussion-stroke-ms-claims/,1
302,hillary_clinton,302,302_hillary_clinton.jpg,https://m.elitestatic.com/m/5fcc252403dce547/Hillary-Clinton-Suge-Knight.jpg,Elite Daily,http://elitedaily.com/news/politics/hillary-clinton-tupac-white-suit-last-debate/1665940/,1
305,hillary_clinton,305,305_hillary_clinton.jpg,http://assets.nydailynews.com/polopoly_fs/1.2844806.1477429751!/img/httpImage/image.jpg_gen/derivatives/article_750/93064318.jpg,New York Daily New,http://www.nydailynews.com/news/politics/10-favorite-conspiracy-theories-hillary-clinton-article-1.2844807,1
311,hillary_clinton,311,311_hillary_clinton.jpg,http://twt-thumbs.washtimes.com/media/image/2016/09/13/Clinton_c0-208-4392-2768_s885x516.jpg?66fcf1156075fccce64d54081c241202883d8f7d,Washington Time,http://www.washingtontimes.com/news/2016/sep/13/hillary-clintons-pneumonia-cover-up-reinforces-har/,1
312,hillary_clinton,312,312_hillary_clinton.jpg,https://hips.hearstapps.com/cos.h-cdn.co/assets/16/11/2560x1280/landscape-1458065075-hillary-clinton1.jpg?resize\u003d480:*,Cosmopolitan,http://www.cosmopolitan.com/politics/news/a55279/millennial-women-hillary-clinton-supporters/,1
314,hillary_clinton,314,314_hillary_clinton.jpg,https://i0.wp.com/thefederalist.com/wp-content/uploads/2015/10/Screen-Shot-2015-10-22-at-11.09.08-AM.png?resize\u003d350%2C200,The Federali,http://thefederalist.com/2015/05/26/4-sketchy-things-in-hillary-clintons-emails/,1
315,hillary_clinton,315,315_hillary_clinton.jpg,https://i2.wp.com/thefederalist.com/wp-content/uploads/2016/03/dh1-1024x590.jpg?resize\u003d350%2C200,The Federali,http://thefederalist.com/2016/10/25/13-times-hillary-clinton-truly-nasty-woman/,1
316,hillary_clinton,316,316_hillary_clinton.jpg,http://www.newsobserver.com/news/politics-government/election/af51cp/picture104459191/ALTERNATES/FREE_640/HILLARY1NE092716CEL,The News \u0026 Observer,http://www.newsobserver.com/news/politics-government/election/article104434416.html,1
317,hillary_clinton,317,317_hillary_clinton.jpg,https://pmcvariety.files.wordpress.com/2016/10/hillary-clinton-final-debate-11.jpg?w\u003d670\u0026h\u003d377\u0026crop\u003d1,Variety,http://variety.com/2016/biz/news/hillary-clinton-att-time-warner-merger-1201901796/,1
319,hillary_clinton,319,319_hillary_clinton.jpg,https://i0.wp.com/thefederalist.com/wp-content/uploads/2015/04/Hillary-Clinton-Book.jpg?resize\u003d350%2C200,The Federali,http://thefederalist.com/2016/03/07/clinton-104-emails-classified-information/,1
320,hillary_clinton,320,320_hillary_clinton.jpg,https://timedotcom.files.wordpress.com/2015/09/hillary-clinton21.jpg?w\u003d1100\u0026quality\u003d85,Time,http://time.com/4056800/read-the-6-most-interesting-hillary-clinton-emails/,1
321,hillary_clinton,321,321_hillary_clinton.jpg,http://www.trbimg.com/img-57f43f1e/turbine/la-pol-hillary-clinton-at-the-zembo-shrine-in-harrisburg-20161004,Los Angeles Time,http://www.latimes.com/nation/politics/trailguide/la-na-vice-presidential-debate-live-hillary-clinton-tries-to-undercut-1475622787-htmlstory.html,1
322,hillary_clinton,322,322_hillary_clinton.jpg,http://www.rd.com/wp-content/uploads/sites/2/2016/09/01-hillary-clinton-quotes.jpg,Reader\u0027s Dige,http://www.rd.com/culture/hillary-clinton-facts/,1
326,hillary_clinton,326,326_hillary_clinton.jpg,http://www.trbimg.com/img-5751d075/turbine/ct-hillary-clinton-foreign-policy-trump-perspec-0605-md-20160603,Chicago Tribune,http://www.chicagotribune.com/news/opinion/chapman/ct-hillary-clinton-foreign-policy-trump-perspec-0605-md-20160603-column.html,1
327,hillary_clinton,327,327_hillary_clinton.jpg,http://www.charlotteobserver.com/news/politics-government/campaign-tracker-blog/9dqgv4/picture111066157/ALTERNATES/FREE_640/Hillary%20Clinton,Charlotte Observer,http://www.charlotteobserver.com/news/politics-government/campaign-tracker-blog/article111066162.html,1
334,hillary_clinton,334,334_hillary_clinton.jpg,https://www.autostraddle.com/wp-content/uploads/2016/12/hillary-clinton-presidential-debate-1.jpg,Autostraddle,https://www.autostraddle.com/top-10-hillary-clinton-pantsuits-of-2016-362462/,1
338,hillary_clinton,338,338_hillary_clinton.jpg,http://static3.businessinsider.com/image/57faf6b44046dd98168b456e-480/hillary-clinton.jpg,Business Insider,http://www.businessinsider.com/hillary-clinton-public-and-private-positions-2016-10,1
341,hillary_clinton,341,341_hillary_clinton.jpg,http://www.newstatesman.com/sites/default/files/styles/nodeimage/public/blogs_2016/09/hillary.jpg?itok\u003d39bmqpnh,New Statesman,http://www.newstatesman.com/world/north-america/2016/09/hillary-clinton-why-im-he,1
342,hillary_clinton,342,342_hillary_clinton.jpg,http://www.thewrap.com/wp-content/uploads/2016/10/HillaryClinton-7.jpg,TheWrap,http://www.thewrap.com/hillary-clinton-urges-fbi-release-information/,1
344,hillary_clinton,344,344_hillary_clinton.jpg,https://peopledotcom.files.wordpress.com/2016/08/hillary-clinton-a-435-1.jpg?w\u003d435,People,http://people.com/celebrity/does-hillary-clinton-wear-a-wig-her-hairdresser-reveals-the-real-story/,1
346,hillary_clinton,346,346_hillary_clinton.jpg,http://cdn.newsday.com/polopoly_fs/1.12483083.1477058866!/httpImage/image.jpeg_gen/derivatives/display_600/image.jpeg,Newsday,http://www.newsday.com/opinion/editorial/hillary-clinton-should-be-our-next-president-1.12483084,1
348,hillary_clinton,348,348_hillary_clinton.jpg,https://s3.amazonaws.com/media.dpn/54196_46451_hillary_clintonff.jpg,The Daily Pennsylvanian,http://www.thedp.com/article/2016/10/wellesley-penn-endorse-hillary-clinton-over-donald-trump,1
349,hillary_clinton,349,349_hillary_clinton.jpg,http://twt-thumbs.washtimes.com/media/image/2016/08/22/Campaign_2016_Clinton_Emails.JPEG-b2869_c0-0-5244-3057_s885x516.jpg?955bfdab15ccb0b0b73067c3cd7b9a28c39bdb03,Washington Time,http://www.washingtontimes.com/news/2016/aug/22/hillary-clinton-president-for-sale/,1
353,hillary_clinton,353,353_hillary_clinton.jpg,http://i.dailymail.co.uk/i/pix/2016/10/01/00/38F930DE00000578-3816674-image-a-31_1475278581673.jpg,Daily Mail,http://www.dailymail.co.uk/news/article-3816674/Can-t-shake-cough-Clinton-chokes-rally-minutes-s-aided-set-stairs.html,1
355,hillary_clinton,355,355_hillary_clinton.jpg,https://cdn1.ijr.com/wp-content/uploads/2016/09/gettyimages-487369738-1024x567.jpg,IJR.com,http://ijr.com/2016/09/687917-federal-prosecutor-called-on-to-investigate-hillary-clinton-for-obstruction-of-justice/,1
357,hillary_clinton,357,357_hillary_clinton.jpg,http://static6.businessinsider.com/image/57c9c359b996eb7a018b5f73-480/hillary-clinton.jpg,Business Insider,http://www.businessinsider.com/hillary-clinton-free-college-tuition-plan-details-2016-9,1
358,hillary_clinton,358,358_hillary_clinton.jpg,https://peopledotcom.files.wordpress.com/2016/08/hillary-clinton-435-2.jpg?w\u003d435,People,http://people.com/tv/hillary-clinton-says-she-was-fired-from-job-at-alaskan-fishing-cannery/,1
360,hillary_clinton,360,360_hillary_clinton.jpg,http://i.ndtvimg.com/i/2016-10/hillary-clinton-reuters-650_650x400_51476242318.jpg,NDTV.com,http://www.ndtv.com/world-news/wikileaks-releases-hillary-clinton-speeches-for-goldman-sachs-1474771,1
361,hillary_clinton,361,361_hillary_clinton.jpg,http://www.newyorker.com/wp-content/uploads/2016/10/Cassidy-Content-Clinton-Paid-Speeches-1200.jpg,The New Yorker,http://www.newyorker.com/topics/hillary-clinton-in-the-new-yorke,1
362,hillary_clinton,362,362_hillary_clinton.jpg,http://hbz.h-cdn.co/assets/16/43/480x720/hbz-hillary-clinton-1023-getty.jpg,Harper\u0027s Bazaar,http://www.harpersbazaar.com/celebrity/red-carpet-dresses/news/g6036/hillary-clinton-campaign-fashion/,1
369,hillary_clinton,369,369_hillary_clinton.jpg,https://static.independent.co.uk/s3fs-public/thumbnails/image/2016/09/23/12/hillary-clinton-isis.jpg,The Independen,http://www.independent.co.uk/news/world/americas/us-elections/first-presidential-debate-hillary-clinton-accuses-donald-trump-of-racism-as-gloves-come-off-a7332051.html,1
370,hillary_clinton,370,370_hillary_clinton.jpg,http://cbsnews3.cbsistatic.com/hub/i/r/2016/09/29/ab73bed1-50e5-46d0-b767-55a8cdeb72de/thumbnail/620x350/9f30c379285b20e6e30d8f25a9525e7c/2016-09-28t203757z-310623319-s1beudyribaa-rtrmadp-3-usa-election-clinton.jpg,CBS New,http://www.cbsnews.com/news/early-voting-surge-benefits-hillary-clinton/,1
371,hillary_clinton,371,371_hillary_clinton.jpg,http://www.trbimg.com/img-57ee8d81/turbine/fl-endorsement-hillary-clinton-president-20161001,Sun Sentinel,http://www.sun-sentinel.com/opinion/endorsements/fl-endorsement-hillary-clinton-president-20161001-story.html,1
372,hillary_clinton,372,372_hillary_clinton.jpg,https://media2.s-nbcnews.com/j/msnbc/components/video/201609/hils.nbcnews-ux-1080-600.jpg,NBC New,http://www.nbcnews.com/video/hillary-clinton-participates-in-commander-in-chief-forum-760138819643,1
374,hillary_clinton,374,374_hillary_clinton.jpg,https://www.usnews.com/dims4/USNEWS/e65f3c0/2147483647/thumbnail/970x647/quality/85/?url\u003d%2Fcmsmedia%2F4d%2Fd9%2F93bb9ab845018885a0f090e4a4a1%2F161026-clinton-editorial.jpg,US News \u0026 World Repor,http://www.usnews.com/news/articles/2016-10-26/hillary-clinton-celebrates-her-69th-birthday,1
376,hillary_clinton,376,376_hillary_clinton.jpg,http://content.newsinc.com/jpg/1391/31378430/43439047.jpg?t\u003d1473527640,PolitiFac,http://www.politifact.com/truth-o-meter/article/2016/sep/11/context-hillary-clinton-basket-deplorables/,1
378,hillary_clinton,378,378_hillary_clinton.jpg,http://www.newyorker.com/wp-content/uploads/2016/09/Wallace-Wells-Hillary-Clinton-Changing-Politics-of-Patriotism-1200.jpg,The New Yorker,http://www.newyorker.com/news/benjamin-wallace-wells/hillary-clintons-patriotism,1
380,hillary_clinton,380,380_hillary_clinton.jpg,http://i3.mirror.co.uk/incoming/article8920749.ece/ALTERNATES/s615b/Democratic-nominee-Hillary-Clinton-speak.jpg,Mirror,http://www.mirror.co.uk/news/world-news/donald-trump-vs-hillary-clinton-8921089,1
382,hillary_clinton,382,382_hillary_clinton.jpg,http://c0.nrostatic.com/sites/default/files/styles/original_image_with_cropping/public/uploaded/hillary-clinton-2016-open-borders-and-more.jpg?itok\u003d388L0HSb,National Review,http://www.nationalreview.com/article/441159/hillary-clinton-2016-open-borders-and-more,1
384,hillary_clinton,384,384_hillary_clinton.jpg,http://cdn-img.instyle.com/sites/default/files/styles/276x276/public/images/2015/06/061715-hillary-clinton-pantsuits-31.jpg?itok\u003d9tLm2ZZy,InStyle,http://www.instyle.com/celebrity/hillary-clintons-colorful-pantsuits,1
386,hillary_clinton,386,386_hillary_clinton.jpg,https://peopledotcom.files.wordpress.com/2016/08/hillary-clinton-reno-435.jpg?w\u003d435,People,http://people.com/tv/hillary-clinton-says-criticism-has-helped-her-develop-thick-skin/,1
387,hillary_clinton,387,387_hillary_clinton.jpg,http://pixel.nymag.com/imgs/daily/intelligencer/2013/06/04/04-hillary-clinton-laugh.w710.h473.jpg,New York Magazine,http://nymag.com/daily/intelligencer/2013/06/hillary-clinton-pantsuit-jokes-video-history-list.html,1
390,hillary_clinton,390,390_hillary_clinton.jpg,https://static01.nyt.com/images/2016/10/11/fashion/11UNBUTTONED2/11UNBUTTONED2-master768.jpg,The New York Time,https://www.nytimes.com/2016/10/11/fashion/hillary-clinton-ralph-lauren.html,1
392,hillary_clinton,392,392_hillary_clinton.jpg,https://cdn.pastemagazine.com/www/articles/ClintonBirtherLead.jpg,Paste Magazine,https://www.pastemagazine.com/tag/hillary+clinton,1
393,hillary_clinton,393,393_hillary_clinton.jpg,https://i.guim.co.uk/img/media/a871564e64896d74aa8192bea4986567d9ca8abc/0_117_3500_2100/master/3500.jpg?w\u003d300\u0026q\u003d55\u0026auto\u003dformat\u0026usm\u003d12\u0026fit\u003dmax\u0026s\u003df5fdc761fec940f2bf027d3a7c9ba6bd,The Guardian,https://www.theguardian.com/us-news/2016/sep/23/hillary-clinton-national-security-plan-isis-baghdadi,1
395,hillary_clinton,395,395_hillary_clinton.jpg,http://a.abcnews.com/images/Politics/ABC_muir_clinton_19_jt_160905_12x5_1600.jpg,ABC News - Go.com,http://abcnews.go.com/Politics/exclusive-hillary-clinton-husband-bill-resign-foundation-post/story?id\u003d41878492,1
396,hillary_clinton,396,396_hillary_clinton.jpg,http://www.newyorker.com/wp-content/uploads/2016/09/Davidson-Debate-Questions-for-Hillary-01-1200.jpg,The New Yorker,http://www.newyorker.com/news/amy-davidson/twelve-debate-questions-that-hillary-clinton-should-be-ready-fo,1
400,hillary_clinton,400,400_hillary_clinton.jpg,http://i.huffpost.com/gen/4764050/images/n-CLINTON-628x314.jpg,The Huffington Po,http://www.huffingtonpost.com/james-zogby/why-i-support-hillary-cli_b_12498722.html,1
403,hillary_clinton,403,403_hillary_clinton.jpg,http://www.sltrib.com/csp/mediapool/sites/dt.common.streams.StreamServer.cls?STREAMOID\u003dkTjtVCipKRklgrWVo1KWWc$daE2N3K4ZzOUsqbU5sYvJgxQonv032wpAb1fWty9tWCsjLu883Ygn4B49Lvm9bPe2QeMKQdVeZmXF$9l$4uCZ8QDXhaHEp3rvzXRJFdy0KqPHLoMevcTLo3h8xh70Y6N_U_CryOsw6FTOdKL_jpQ-\u0026CONTENTTYPE\u003dimage/jpeg,The Salt Lake Tribune,http://www.sltrib.com/opinion/4455498-155/editorial-in-the-end-hillary-clinton,1
404,hillary_clinton,404,404_hillary_clinton.jpg,http://bloximages.chicago2.vip.townnews.com/host.madison.com/content/tncms/assets/v3/editorial/5/f6/5f6376ac-4721-54d4-9341-1fe7ffc6533f/57ffe5a8a92ae.image.jpg?resize\u003d1200%2C893,Madison.com,http://host.madison.com/wsj/opinion/editorial/our-endorsement-hillary-clinton-america-must-get-this-right/article_b526fe64-c2ca-5e3d-807a-0ef4ae23a4d5.html,1
405,hillary_clinton,405,405_hillary_clinton.jpg,http://i1.wp.com/www.nwpc.org/wp-content/uploads/2016/02/Screen-Shot-2016-02-01-at-3.52.34-PM.png?fit\u003d865%2C391,National Women\u0027s Political Caucu,http://www.nwpc.org/reasons-why-hillary-clinton-should-be-our-next-president/,1
406,hillary_clinton,406,406_hillary_clinton.jpg,https://pmcwwd.files.wordpress.com/2016/07/ap_16211094144719.jpg?w\u003d640\u0026h\u003d415\u0026crop\u003d1,WWD.com,http://wwd.com/fashion-news/fashion-scoops/hillary-clinton-historic-dnc-acceptance-speech-10498558/,1
410,hillary_clinton,410,410_hillary_clinton.jpg,http://static2.politico.com/dims4/default/0bebafc/2147483647/resize/1160x%3E/quality/90/?url\u003dhttp%3A%2F%2Fstatic.politico.com%2F1f%2F6d%2F689414274169b4e3e73d6af021ac%2F08-hillary-clinton-33-gty-1160.jpg,Politico,http://www.politico.com/story/2016/09/is-hillary-clinton-losing-227774,1
411,hillary_clinton,411,411_hillary_clinton.jpg,http://15130-presscdn-0-89.pagely.netdna-cdn.com/wp-content/uploads/2016/10/2016-09-29T192815Z_2_LYNXNPEC8S1J3_RTROPTP_3_USA-ELECTION-CLINTON.jpg,Politicus USA,http://www.politicususa.com/tag/hillary-clinton,1
413,hillary_clinton,413,413_hillary_clinton.jpg,http://twt-thumbs.washtimes.com/media/image/2016/10/17/Clinton_c0-293-3748-2478_s885x516.jpg?08968f57630ef02876dd282abdb693819eb88124,Washington Time,http://www.washingtontimes.com/news/2016/oct/17/paul-ryan-says-state-dept-involved-cover-help-hill/,1
414,hillary_clinton,414,414_hillary_clinton.jpg,http://media.nbcphiladelphia.com/images/1200*675/Hillary+Clinton+Temple+University+Wave.jpg?ak\u003dbc,NBC10.com,http://www.nbcphiladelphia.com/news/local/Hillary-Clinton-Millennial-Voters-Campaign-Event-Philadelphia-393918951.html,1
418,hillary_clinton,418,418_hillary_clinton.jpg,http://assets.nydailynews.com/polopoly_fs/1.2805845.1474834622!/img/httpImage/image.jpg_gen/derivatives/article_750/campaign-2016-clinton.jpg,New York Daily New,http://www.nydailynews.com/news/politics/clinton-debate-podium-larger-trump-report-article-1.2805846,1
420,hillary_clinton,420,420_hillary_clinton.jpg,http://www.belfasttelegraph.co.uk/incoming/article35145955.ece/ALTERNATES/h342/Clinton-Trump-034.jpg,Belfast Telegraph,http://www.belfasttelegraph.co.uk/opinion/news-analysis/hillary-clinton-could-start-world-war-3-heres-how-35160599.html,1
422,hillary_clinton,422,422_hillary_clinton.jpg,http://www.newyorker.com/wp-content/uploads/2016/09/Roberson-Hillary-Clinton-Other-Rumored-Medical-Problems-1200.jpg,The New Yorker,http://www.newyorker.com/humor/daily-shouts/other-rumored-medical-problems-that-i-hillary-clinton-would-like-to-address,1
423,hillary_clinton,423,423_hillary_clinton.jpg,https://static01.nyt.com/images/2016/09/25/opinion/25ENDORSE-WEB-BW/25ENDORSE-WEB-BW-articleLarge-v5.jpg,The New York Time,https://www.nytimes.com/2016/09/25/opinion/sunday/hillary-clinton-for-president.html,1
424,hillary_clinton,424,424_hillary_clinton.jpg,http://www.motherjones.com/files/blog_hillary_clinton_speech_2.jpg,Mother Jone,http://www.motherjones.com/kevin-drum/2016/10/which-i-take-second-look-hillary-clintons-paid-speeches,1
428,hillary_clinton,428,428_hillary_clinton.jpg,https://img.washingtonpost.com/wp-apps/imrs.php?src\u003dhttps://img.washingtonpost.com/rf/image_960w/2010-2019/WashingtonPost/2015/10/15/National-Politics/Images/492826454.jpg\u0026w\u003d480,Washington Po,https://www.washingtonpost.com/news/the-fix/wp/2016/10/18/can-hillary-clinton-actually-win-texas/,1
436,hillary_clinton,436,436_hillary_clinton.jpg,http://freebeacon.com/wp-content/uploads/2016/10/Hillary-Clinton-13.jpg,Washington Free Beacon,http://freebeacon.com/politics/former-clinton-spokesperson-hired-buzzfeed/,1
437,hillary_clinton,437,437_hillary_clinton.jpg,http://16004-presscdn-0-50.pagely.netdna-cdn.com/wp-content/uploads/Hillary-Clinton-Press-Conference-09092016-575x327.jpg,The Gateway Pundi,http://www.thegatewaypundit.com/2016/09/clinton-aides-attack-threaten-reporter-saying-hillary-looked-low-energy-friday-press-conference/,1
440,hillary_clinton,440,440_hillary_clinton.jpg,https://i1.wp.com/heatst.com/wp-content/uploads/2016/08/hillary-clinton4.jpg?crop\u003d97px%2C0px%2C1840px%2C1228px\u0026resize\u003d337%2C225\u0026quality\u003d80\u0026strip\u003dall\u0026ssl\u003d1,Heat Stree,https://heatst.com/politics/wikileaks-clinton-energizer-mistress/,1
441,hillary_clinton,441,441_hillary_clinton.jpg,http://s2.r29static.com//bin/entry/ed3/x,Refinery29,http://www.refinery29.com/2016/07/118352/hillary-clinton-white-pantsuit-dnc,1
442,hillary_clinton,442,442_hillary_clinton.jpg,https://hips.hearstapps.com/hmg-prod.s3.amazonaws.com/images/hillary-clinton-speech-1474640124.jpg?crop\u003d1.00xw:0.753xh;0,Cosmopolitan,http://www.cosmopolitan.com/politics/a3700858/hillary-clinton-reservations-criticism/,1
443,hillary_clinton,443,443_hillary_clinton.jpg,https://img.washingtonpost.com/wp-apps/imrs.php?src\u003dhttps://img.washingtonpost.com/rf/image_908w/2010-2019/WashingtonPost/2016/02/05/National-Politics/Images/508468980.jpg\u0026w\u003d480,Washington Po,https://www.washingtonpost.com/news/the-fix/wp/2016/02/05/hillary-clinton-just-suggested-shes-not-establishment-come-on/,1
445,hillary_clinton,445,445_hillary_clinton.jpg,http://twt-thumbs.washtimes.com/media/image/2016/09/18/Campaign_2016_Clinton.JPEG-6b1fe_c0-0-5311-3096_s885x516.jpg?9a3417e6ad0ed3d1a23601ce5d8fdbdfc63c682d,Washington Time,http://www.washingtontimes.com/news/2016/sep/18/hillary-clintons-wal-mart-ties-raising-liberals-ir/,1
446,hillary_clinton,446,446_hillary_clinton.jpg,http://static3.businessinsider.com/image/57f6cad55124c9660c368484-800/clinton-foundation-warns-donors-about-targeted-phishing-attempts.jpg,Business Insider,http://www.businessinsider.com/fbi-re-opening-investigation-into-hillary-private-e-mail-server-2016-10,1
448,hillary_clinton,448,448_hillary_clinton.jpg,http://media.washtimes.com.s3.amazonaws.com/media/image/2016/09/08/HillaryClinton.jpg,Washington Time,http://www.washingtontimes.com/news/2016/sep/8/hillary-clintons-speech-mandatory-viewing-at-priso/,1
450,hillary_clinton,450,450_hillary_clinton.jpg,http://twt-thumbs.washtimes.com/media/image/2016/09/18/9_182016_campaign-2016-clinton-128201_c0-208-4930-3082_s885x516.jpg?4d5855c3a8da694fee4989743c1ce20230bf830f,Washington Time,http://www.washingtontimes.com/news/2016/sep/18/hillary-clinton-top-surrogates-crank-up-heat-again/,1
454,hillary_clinton,454,454_hillary_clinton.jpg,http://cdn-image.foodandwine.com/sites/default/files/styles/rd_fwrd_blog_main_image/public/1457039174/hillary-clinton-FT-BLOG0316.jpg?itok\u003dwgZl4pq3,Food \u0026 Wine,http://www.foodandwine.com/blogs/hillary-clinton-joins-no-tip-restaurant-movement,1
456,hillary_clinton,456,456_hillary_clinton.jpg,https://timedotcom.files.wordpress.com/2016/07/hillary-clinton-019.jpg?quality\u003d85\u0026w\u003d419,Time,http://time.com/4429984/dnc-hillary-clinton-speech-video-transcript/,1
458,hillary_clinton,458,458_hillary_clinton.jpg,http://a.abcnews.com/images/Politics/GTY_hillary_clinton_jef_160923_12x5_1600.jpg,ABC News - Go.com,http://abcnews.go.com/US/fbi-releases-189-pages-hillary-clinton-email-probe/story?id\u003d42319084,1
461,hillary_clinton,461,461_hillary_clinton.jpg,http://static01.mediaite.com/med/wp-content/uploads/2016/09/hillary-clinton-2-300x197.jpg,Mediaite,http://www.mediaite.com/tv/hillary-clinton-trump-is-projecting-phony-strength/,1
463,hillary_clinton,463,463_hillary_clinton.jpg,http://twt-thumbs.washtimes.com/media/image/2016/09/01/Campaign_2016_Clinton.JPEG-0371b_c0-223-5340-3336_s885x516.jpg?d19298291d671d070e2ba528d7d5552a64b21518,Washington Time,http://www.washingtontimes.com/news/2016/sep/7/vote-hillary-clinton-war-russia-china-others/,1
469,hillary_clinton,469,469_hillary_clinton.jpg,http://s.newsweek.com/sites/www.newsweek.com/files/styles/full/public/2016/05/25/0525hillaryclinton.jpg,Newsweek,http://www.newsweek.com/hillary-clinton-scandals-benghazi-emailgate-463571,1
473,hillary_clinton,473,473_hillary_clinton.jpg,http://static.politico.com/28/0b/b1bdb3ff404386586d42aa1b6f73/06-hillary-clinton-12-ap-1160.jpg,Politico,http://www.politico.com/story/2016/09/hillary-clinton-bernie-sanders-supporters-audio-leak-228997,1
475,hillary_clinton,475,475_hillary_clinton.jpg,http://cdn-img.instyle.com/sites/default/files/styles/480xflex/public/celebrities/transformation/196-hillary-clinton-400_0.jpg?itok\u003dkXyFAgZr,InStyle,http://www.instyle.com/celebrity/transformations/hillary-rodham-clintons-changing-looks,1
482,hillary_clinton,482,482_hillary_clinton.jpg,http://www.telegraph.co.uk/content/dam/fashion/2016/07/29/104322427-hillary_clinton_EPA-xlarge_trans_NvBQzQNjv4BqaDnIKI3Q0aQre1cqAkdPGU3hE075SqS4iGLmlaa-LAU.jpg,The Telegraph,http://www.telegraph.co.uk/fashion/people/the-significance-of-the-white-pant-suit-hillary-clinton-wore-to/,1
484,hillary_clinton,484,484_hillary_clinton.jpg,http://newsinfo.inquirer.net/files/2016/10/hillary-clinton1.jpg,Inquirer New,http://newsinfo.inquirer.net/829936/clinton-warns-trump-is-threatening-us-democracy,1
485,hillary_clinton,485,485_hillary_clinton.jpg,http://cdns.yournewswire.com/wp-content/uploads/2016/09/Clinton-one-year-left.jpg,Your News Wire,http://yournewswire.com/medical-professor-claims-hillary-clinton-has-one-year-to-live/,1
486,hillary_clinton,486,486_hillary_clinton.jpg,http://conservativeworlddaily.com/wp-content/uploads/2017/03/Hillary-Clinton-Stepping-Out-Of-Car-Reuters.jpg,Conservative World Daily,http://conservativeworlddaily.com/tag/hillary-clinton/,1
490,hillary_clinton,490,490_hillary_clinton.jpg,https://cdn2.img.sputniknews.com/images/104623/15/1046231583.jpg,Sputnik International,https://sputniknews.com/columnists/201610111046232018-hillary-clinton-axis-of-evil/,1
494,hillary_clinton,494,494_hillary_clinton.jpg,https://pmcvariety.files.wordpress.com/2016/09/hillary-clinton.jpg?w\u003d670\u0026h\u003d377\u0026crop\u003d1,Variety,http://variety.com/2016/digital/news/hillary-clinton-donald-trump-twitter-delete-your-account-retweet-1201912895/,1
497,hillary_clinton,497,497_hillary_clinton.jpg,http://img.wennermedia.com/480-width/hillary-clinton-inline-2a5dee0d-08a6-4b0d-856a-304c9822e06f.jpg,Us Weekly,http://www.usmagazine.com/celebrity-news/news/hillary-clinton-calls-for-fbi-to-release-info-following-email-probe-w447410,1
500,hillary_clinton,500,500_hillary_clinton.jpg,http://www.newyorker.com/wp-content/uploads/2016/09/Cassidy-Hillary-Clinton-Basket-of-Deplorables-1200.jpg,The New Yorker,http://www.newyorker.com/topics/hillary-clinton-in-the-new-yorke,1
505,hillary_clinton,505,505_hillary_clinton.jpg,http://also.kottke.org/misc/images/hillary-clinton-ny.jpg?1,Kottke,http://kottke.org/tag/Hillary%20Clinton,1
507,hillary_clinton,507,507_hillary_clinton.jpg,http://www.naturalnews.com/gallery/640/Misc/Hillary-Clinton-Cult-Leader.jpg,Natural New,http://www.naturalnews.com/Hillary_Clinton.html,1
510,hillary_clinton,510,510_hillary_clinton.jpg,http://www.womenshealthmag.com/sites/womenshealthmag.com/files/articles/2016/03/hillaryclinton.jpg,Women\u0027s Health,http://www.womenshealthmag.com/life/joe-scarborough-hillary-rodham-clinton-smile,1
515,hillary_clinton,515,515_hillary_clinton.jpg,http://www.investors.com/wp-content/uploads/2016/10/EDIT2-investors-102516-AP.jpg,Investor\u0027s Business Daily,http://www.investors.com/politics/editorials/why-do-investors-seem-to-favor-hillary-clinton-ibdtipp-poll/,1
516,hillary_clinton,516,516_hillary_clinton.jpg,https://www.usnews.com/dims4/USNEWS/88f1c24/2147483647/thumbnail/970x647/quality/85/?url\u003d%2Fcmsmedia%2F81%2F5fc5ed26097282afd01a968141e3fe%2Fresizes%2F1500%2Fmedia%3A163ace4188fd42f19c2dbddceeb37b24Campaign2016Clinton.JPEG,US News \u0026 World Repor,http://www.usnews.com/news/articles/2016-09-11/hillary-clinton-diagnosed-with-pneumonia,1
518,hillary_clinton,518,518_hillary_clinton.jpg,http://ei.marketwatch.com//Multimedia/2016/03/22/Photos/MG/MW-EI529_clinto_20160322231815_MG.jpg?uuid\u003de1fd3734-f0a5-11e5-8951-0015c588dfa6,MarketWatch,http://www.marketwatch.com/story/the-elections-over-hillary-clinton-won-2016-10-06,1
528,hillary_clinton,528,528_hillary_clinton.jpg,http://www.womenshealthmag.com/sites/womenshealthmag.com/files/images/hillary-rodham-clinton-secretary-of-state_0.jpg,Women\u0027s Health,http://www.womenshealthmag.com/life/hillary-clinton-womens-issues,1
531,hillary_clinton,531,531_hillary_clinton.jpg,http://www.telegraph.co.uk/content/dam/fashion/2016/07/27/104180459_MANCHESTER_NH_-_OCTOBER_5_Democratic_Presidential_candidate_Hillary_Clinton_speaks_at_a_to-xxlarge_trans_NvBQzQNjv4Bq3-5q64xkypxXlfrMnynSlTiJ2KaMcwe8XIqF0hRFiWY.jpg,The Telegraph,http://www.telegraph.co.uk/fashion/people/meet-nina-mclemore-the-designer-behind-hillary-clintons-rules-of/,1
536,hillary_clinton,536,536_hillary_clinton.jpg,http://hbz.h-cdn.co/assets/16/42/768x1152/hbz-hillary-clinton-1019-getty.jpg,Harper\u0027s Bazaar,http://www.harpersbazaar.com/fashion/trends/news/a18336/hillary-clinton-presidential-debate-pantsuits/,1
537,hillary_clinton,537,537_hillary_clinton.jpg,https://img.washingtonpost.com/rf/image_480w/2010-2019/WashingtonPost/2016/09/14/Others/Images/2016-09-14/GettyImages-14699801473887651.jpg?uuid\u003dL8YWRHrAEeaAZMHdyKckuw,Washington Po,https://www.washingtonpost.com/politics/hillary-clinton-regrets-her-iraq-vote-but-opting-for-intervention-was-a-pattern/2016/09/15/760c23d0-6645-11e6-96c0-37533479f3f5_story.html,1
539,hillary_clinton,539,539_hillary_clinton.jpg,http://cbsnews1.cbsistatic.com/hub/i/r/2016/09/23/e9390f45-6f43-41cd-8fa5-b4bc6187b424/thumbnail/620x350/3130b8b1efbd49c62062ccf8576bbecd/2016-09-21t193305z-2007656835-s1beucqawvaa-rtrmadp-3-usa-election-clinton.jpg,CBS New,http://www.cbsnews.com/news/hillary-clinton-releases-ad-featuring-donald-trumps-degrading-comments-toward-women/,1
544,hillary_clinton,544,544_hillary_clinton.jpg,http://content.newsinc.com/jpg/1602/31129710/40564967.jpg?t\u003d1468330440,Washington Examiner,http://www.washingtonexaminer.com/hillary-clinton-the-devil-the-media-knows/article/2598978,1
550,hillary_clinton,550,550_hillary_clinton.jpg,http://i2.cdn.cnn.com/cnnnext/dam/assets/160905162003-hillary-clinton-september-5-2016-medium-plus-169.jpg,CNN.com,http://www.cnn.com/2016/09/11/politics/hillary-clinton-health/,1
551,hillary_clinton,551,551_hillary_clinton.jpg,https://heavyeditorial.files.wordpress.com/2016/09/clinton-clapping1.jpg?quality\u003d65\u0026strip\u003dall\u0026strip\u003dall,Heavy.com,http://heavy.com/news/2016/09/hillary-clinton-quotes-presidential-debate-best-funny-september-26-2016-first/,1
554,hillary_clinton,554,554_hillary_clinton.jpg,http://pixel.nymag.com/imgs/daily/intelligencer/2016/09/10/10-Clinton-NYC-fundraiser.w710.h473.2x.jpg,New York Magazine,http://nymag.com/daily/intelligencer/2016/09/clinton-says-half-of-trump-supporters-are-deplorable.html,1
555,hillary_clinton,555,555_hillary_clinton.jpg,http://cdns.yournewswire.com/wp-content/uploads/2016/09/Hillary-Clinton-With-Surprised-Face-Funny-Picture.jpg,Your News Wire,http://yournewswire.com/snopes-caught-lying-for-hillary-again-questions-raised/,1
559,hillary_clinton,559,559_hillary_clinton.jpg,https://img.washingtonpost.com/rf/image_480w/2010-2019/WashingtonPost/2016/06/17/Style/Images/240839704.jpg?uuid\u003dVUoUJDTPEeaHWNWOduEbEg,Washington Po,https://www.washingtonpost.com/lifestyle/food/why-hillary-clinton-eats-a-hot-pepper-every-single-day/2016/06/18/a8cbb5bc-2f16-11e6-9de3-6e6e7a14000c_story.html,1
560,hillary_clinton,560,560_hillary_clinton.jpg,http://media.salon.com/2016/09/hillary_clinton_mtr.jpg,Salon,http://www.salon.com/2016/09/30/our-lady-of-the-pantsuit-in-praise-yes-praise-of-hillary-clintons-style/,1
565,hillary_clinton,565,565_hillary_clinton.jpg,http://www.trbimg.com/img-57f85226/turbine/ct-hillary-clinton-wall-street-speeches-leaked-20161007,Chicago Tribune,http://www.chicagotribune.com/news/nationworld/politics/ct-hillary-clinton-wall-street-speeches-leaked-20161007-story.html,1
568,hillary_clinton,568,568_hillary_clinton.jpg,https://static01.nyt.com/images/2016/09/18/us/19clintonmedical2/19clintonmedical2-master768.jpg,The New York Time,http://www.nytimes.com/2016/09/19/us/politics/hillary-clinton-health.html,1
573,hillary_clinton,573,573_hillary_clinton.jpg,http://i.telegraph.co.uk/multimedia/archive/02902/hillary_2902913b.jpg,The Telegraph,http://www.telegraph.co.uk/news/worldnews/northamerica/usa/10811894/Monica-Lewinsky-Hillary-Clinton-blamed-the-woman-for-Bill-Clintons-affair.html,1
574,hillary_clinton,574,574_hillary_clinton.jpg,http://nationalinterest.org/files/main_images/hrc_1.jpg,The National Intere,http://nationalinterest.org/feature/hillary-clinton-goes-full-liberal-18114,1
575,hillary_clinton,575,575_hillary_clinton.jpg,http://i2.cdn.cnn.com/cnnnext/dam/assets/160915154608-hillary-greensboro-rally-2-exlarge-169.jpg,CNN.com,http://www.cnn.com/2016/09/15/politics/hillary-clinton-greensboro-north-carolina/,1
580,hillary_clinton,580,580_hillary_clinton.jpg,http://www.telegraph.co.uk/content/dam/fashion/2016/06/08/5658356d_hillary_armani-xlarge_trans_NvBQzQNjv4BqV-q3XBMQS1IZC5Zs4zlzw3kply5kvPBAg7M-Vf0vPj8.jpg,The Telegraph,http://www.telegraph.co.uk/fashion/people/why-it-shouldnt-matter-that-hillary-clinton-wore-a-12495-armani/,1
591,hillary_clinton,591,591_hillary_clinton.jpg,http://twt-thumbs.washtimes.com/media/image/2016/10/20/10202016_clinton-beer8201_c0-505-1486-1371_s885x516.jpg?10ba2fc27c3d644561e691099544b06238f82fd7,Washington Time,http://www.washingtontimes.com/news/2016/oct/20/hillary-clinton-donald-trump-disagreement-on-drink/,1
593,hillary_clinton,593,593_hillary_clinton.jpg,http://static2.politico.com/dims4/default/5a21419/2147483647/resize/1160x%3E/quality/90/?url\u003dhttp%3A%2F%2Fstatic.politico.com%2F6a%2F55%2F0487697e43e8b1b11d5edad3086d%2F07-hillary-clinton-38-gty-1160.jpg,Politico,http://www.politico.com/blogs/under-the-radar/2016/09/clinton-email-release-foia-228674,1
599,hillary_clinton,599,599_hillary_clinton.jpg,http://www.trbimg.com/img-57e47275/turbine/la-1474589450-snap-photo/650/650x366,Los Angeles Time,http://www.latimes.com/opinion/opinion-la/la-ol-newsletter-clinton-trump-marijuana-prop-64-20160922-snap-htmlstory.html,1
608,hillary_clinton,608,608_hillary_clinton.jpg,http://hbz.h-cdn.co/assets/16/42/480x720/gallery-1477073393-hbz-hillary-clinton-1020-2.jpg,Harper\u0027s Bazaar,http://www.harpersbazaar.com/celebrity/red-carpet-dresses/news/g6036/hillary-clinton-campaign-fashion/,1
621,hillary_clinton,621,621_hillary_clinton.jpg,http://freebeacon.com/wp-content/uploads/2016/10/Hillary-Clinton-1.jpg,Washington Free Beacon,http://freebeacon.com/national-security/clinton-sought-pentagon-state-department-contracts-chelseas-friend/,1
622,hillary_clinton,622,622_hillary_clinton.jpg,http://cdn.business2community.com/wp-content/uploads/2016/10/clinton2-600x400.jpg,Business 2 Community,http://www.business2community.com/us-news/hillary-clinton-files-divorce-bill-clinton-presidential-election-hoax-01704036,1
625,hillary_clinton,625,625_hillary_clinton.jpg,https://i0.wp.com/heatst.com/wp-content/uploads/2016/10/gettyimages-615701688.jpg?crop\u003d0px%2C262px%2C2761px%2C1046px\u0026resize\u003d871%2C330\u0026quality\u003d80\u0026strip\u003dall\u0026ssl\u003d1,Heat Stree,https://heatst.com/politics/hillary-clinton-cabinet/,1
638,hillary_clinton,638,638_hillary_clinton.jpg,https://www.outsideonline.com/sites/default/files/styles/three-quarter-page-scaled-1x/public/clintons-environmental-scorecard_h.jpg?itok\u003dimuB4EQQ,Outside Magazine,https://www.outsideonline.com/2125806/hillary-clinton-environmental-scorecard,1
642,hillary_clinton,642,642_hillary_clinton.jpg,https://i2.wp.com/presidentialpetmuseum.com/wp-content/uploads/2016/03/hillary-clinton-2016.png,Presidential Pet Museum,http://www.presidentialpetmuseum.com/blog/hillary-clinton-pets/,1
643,hillary_clinton,643,643_hillary_clinton.jpg,http://blogs-images.forbes.com/raquellaneri/files/2010/09/0924_hillary-clinton-u-n-general-assembly_200x200.jpg?width\u003d960,Forbe,http://www.forbes.com/sites/raquellaneri/2010/09/24/appearances-do-matter-hillary-clintons-hair-clip-controversy/,1
647,hillary_clinton,647,647_hillary_clinton.jpg,http://15130-presscdn-0-89.pagely.netdna-cdn.com/wp-content/uploads/2016/09/2016-09-16T204513Z_1_LYNXNPEC8F1M6_RTROPTP_3_USA-ELECTION-CLINTON-701x467.jpg,Politicus USA,http://www.politicususa.com/2016/09/16/hillary-clinton-surges-lead-trump-pneumonia-scare.html,1
664,hillary_clinton,664,664_hillary_clinton.jpg,https://g.foolcdn.com/editorial/images/231515/23857574505_fc35db2fe0_h_large.jpg,The Motley Fool,https://www.fool.com/retirement/2016/10/15/10-ways-hillary-clinton-plans-to-grow-the-economy.aspx,1
670,hillary_clinton,670,670_hillary_clinton.jpg,https://timedotcom.files.wordpress.com/2016/07/hillary-clinton-001.jpg?quality\u003d85\u0026w\u003d562,Time,http://time.com/4429984/dnc-hillary-clinton-speech-video-transcript/,1
671,hillary_clinton,671,671_hillary_clinton.jpg,https://cbsnewyork.files.wordpress.com/2016/09/gettyimages-602405242.jpg?w\u003d620\u0026h\u003d413,CBS New York - CBS Local,http://newyork.cbslocal.com/2016/09/12/clinton-health-campaign-plans/,1
674,hillary_clinton,674,674_hillary_clinton.jpg,https://static.independent.co.uk/s3fs-public/thumbnails/image/2016/09/14/09/hillary-clinton-wave.jpg,The Independen,http://www.independent.co.uk/voices/deplorable-she-hillary-clinton-insulting-donald-trumps-supporter-blunder-basket-deplorables-a7307646.html,1
679,hillary_clinton,679,679_hillary_clinton.jpg,http://static2.politico.com/dims4/default/9758b68/2147483647/resize/1160x%3E/quality/90/?url\u003dhttp%3A%2F%2Fstatic.politico.com%2Faa%2F38%2F2b2613ac4e819db3df412e8d332b%2F161010-hillary-clinton-gettyimages-613813150.jpg,Politico,http://www.politico.com/story/2016/10/clinton-trump-debate-poll-229581,1
682,hillary_clinton,682,682_hillary_clinton.jpg,https://si.wsj.net/public/resources/images/BN-QG368_PW1014_GR_20161013174602.jpg,Snopes.com,http://hotspotoutdoors.com/forums/topic/179392-crooked-hillary/?page\u003d14,1
687,hillary_clinton,687,687_hillary_clinton.jpg,http://ichef.bbci.co.uk/news/660/cpsprodpb/5D63/production/_91770932_clinton_getty976.jpg,BBC.com,http://www.bbc.com/news/magazine-36992955,1
693,hillary_clinton,693,693_hillary_clinton.jpg,https://s.yimg.com/ny/api/res/1.2/Q922zi7at6jbSPMnAydv1Q--/YXBwaWQ9aGlnaGxhbmRlcjtzbT0xO3c9ODAwO2lsPXBsYW5l/https://67.media.tumblr.com/67d080910ccc0eab854cb3fb1652b720/tumblr_inline_odjrmt9GMF1qbdkv3_1280.jpg,Yahoo,https://www.yahoo.com/beauty/key-details-of-hillary-clintons-health-record-223234273.html,1
702,hillary_clinton,702,702_hillary_clinton.jpg,https://img.wonkette.com/wp-content/uploads/2016/10/Hillary-Clinton-Little-Girl-Photo.jpg,Wonkette,https://wonkette.com/607361/little-girl-hillary-clinton-punched-a-kid-in-the-nose-for-endangering-baby-bunnies-impeach,1
711,hillary_clinton,711,711_hillary_clinton.jpg,http://hbz.h-cdn.co/assets/16/39/980x490/landscape-1474981483-hbz-hillary-suit.jpg,Harper\u0027s Bazaar,http://www.harpersbazaar.com/culture/features/news/a18323/hillary-clinton-reebok-pantsuit/,1
